Rank,Author,Solved,Penalty,1001,1002,1003,1004,1005,1006,1007,1008,1009,1010,1011,1012
1,"team0701 故障吉奇人 吉林大学",10,17:53:54,00:36:17,02:36:52,01:48:51,"01:19:02 (-1)",04:05:19,02:40:03,01:09:28,"00:52:08 (-3)",,00:45:27,00:40:27,
2,"team0779 SMZX01 佛山石门中学",10,22:43:36,"02:54:42 (-2)",02:29:31,01:40:58,"00:36:57 (-1)",03:13:11,"04:02:56 (-1)","03:34:35 (-4)",00:21:01,,00:59:48,00:09:57,
3,"team0769 NFLS-T14 南京外国语学校",9,16:49:00,"03:59:46 (-5)","01:36:55 (-1)",00:16:31,"02:53:09 (-1)",,00:37:12,"01:41:08 (-1)",00:58:46,,00:52:50,01:12:43,(-100)
4,"team0771 NFLS-T16 南京外国语学校",9,17:31:40,02:30:59,03:03:59,03:57:58,"01:42:07 (-3)",,"03:15:07 (-1)",00:25:03,00:26:14,,00:35:53,00:14:20,
5,"team0758 NFLS-T03 南京外国语学校",9,17:58:42,"04:31:37 (-1)",,03:34:45,01:17:16,02:51:56,01:57:36,"00:52:01 (-3)",00:34:22,(-1),"00:14:32 (-1)",00:24:37,(-1)
6,"team0662 NJU-T12 南京大学",9,17:59:05,"03:07:09 (-5)",01:42:55,,01:09:02,"03:57:29 (-1)","01:57:48 (-1)","01:21:02 (-1)","00:41:10 (-2)",,00:18:39,00:23:51,(-57)
7,"team0792 天铸币 北京航空航天大学",9,18:16:07,04:14:59,(-1),"01:29:25 (-1)",02:09:13,03:20:49,04:00:34,01:06:51,00:28:42,,00:48:10,00:17:24,
8,"team0777 NFLS-T22 南京外国语学校",9,20:34:45,01:45:02,02:19:15,(-4),01:52:17,05:00:00,04:19:34,"00:56:59 (-4)","01:08:40 (-1)",,01:01:30,00:31:28,
9,"team0255 金角大王带紫金红葫芦 中国地质大学（北京）",9,22:04:13,"00:43:55 (-1)",02:31:00,"04:59:24 (-1)",01:50:57,01:08:18,(-12),"03:09:52 (-1)","00:58:46 (-3)",,"01:50:29 (-2)",02:11:32,(-3)
10,"team0765 NFLS-T10 南京外国语学校",9,22:33:27,"04:28:14 (-1)",03:20:19,04:06:26,01:54:28,01:35:37,(-2),00:41:38,"02:21:46 (-1)",,"01:43:01 (-1)","01:01:58 (-1)",
11,"team0326 双十中学1队 福建省厦门双十中学",9,24:21:05,"02:47:30 (-2)","04:58:18 (-1)","04:42:06 (-3)",00:36:31,,04:34:03,01:37:09,00:26:22,,"01:06:56 (-1)","00:52:10 (-1)",
12,"team0924 fduteam04 复旦大学",9,26:02:07,"04:15:12 (-2)",04:45:17,"04:18:15 (-3)","02:45:55 (-1)",,02:06:26,"01:12:15 (-2)","01:06:47 (-1)",,01:13:57,"00:58:03 (-1)",
13,"team0954 GodKnows 个人训练",9,36:44:15,,"04:53:23 (-4)","02:28:30 (-3)","03:40:15 (-7)",03:14:27,"03:57:23 (-2)",01:59:34,"02:38:44 (-1)",,02:47:51,"01:44:08 (-11)",
14,"team0943 HKUST(GZ)008 香港科技大学",8,14:18:07,(-4),(-1),01:44:15,"01:28:16 (-1)",02:45:40,03:24:27,"02:33:01 (-1)",00:56:22,,00:29:57,00:16:09,
15,"team0862 感觉有点困难 香港科技大学",8,14:53:02,(-6),"03:22:15 (-1)","03:11:10 (-1)",01:45:25,(-3),00:28:24,"01:55:01 (-1)",00:59:41,,01:24:32,00:46:34,
16,"team0426 长郡中学4队 长沙市长郡中学",8,16:31:40,03:26:54,,"04:23:32 (-1)",00:32:28,,"00:24:20 (-1)",01:39:30,"01:18:19 (-2)",,"01:42:58 (-2)","00:43:39 (-1)",
17,"team0770 NFLS-T15 南京外国语学校",8,16:34:08,,"04:57:44 (-1)",03:53:28,01:09:58,,02:20:46,02:10:53,00:36:07,,01:00:13,00:04:59,
18,"team0502 清华2队 清华大学",8,17:48:28,,"03:49:02 (-1)",04:47:50,01:50:48,,02:43:23,01:33:03,"00:57:25 (-1)",,01:07:26,00:19:31,(-4)
19,"team0757 NFLS-T02 南京外国语学校",8,18:28:02,(-11),"04:45:33 (-1)","02:30:03 (-2)","01:37:16 (-1)",,"04:11:12 (-1)",01:18:57,00:47:25,,"00:36:03 (-1)",00:41:33,
20,"team0901 2026杭电1队 杭州电子科技大学",8,19:06:04,"02:27:35 (-1)","04:16:32 (-1)",,"03:07:23 (-3)",,"03:39:33 (-2)",01:24:38,"00:15:05 (-1)",,"00:41:21 (-1)",00:13:57,
21,"team0921 fduteam01 复旦大学",8,20:37:05,,,"03:59:57 (-3)",01:45:49,03:11:46,"03:47:37 (-2)","02:20:41 (-1)",01:24:16,,"01:00:50 (-1)",00:46:09,
22,"team0513 北大3队 北京大学",8,21:35:17,00:52:16,04:44:44,,01:28:05,,"04:18:05 (-16)",02:03:14,00:35:47,,"01:09:38 (-2)",00:23:28,
23,"team0082 SSL01 东莞市东莞中学松山湖学校",8,22:21:18,03:33:42,"00:27:57 (-1)",,02:31:45,,04:51:05,01:38:06,"01:37:18 (-3)",,02:14:57,"03:06:28 (-3)",
24,"team0652 NJU-T02 南京大学",8,22:59:52,"03:27:30 (-1)",04:45:12,,01:35:38,,"04:12:47 (-10)","02:21:53 (-2)",00:29:47,,00:46:27,01:00:38,
25,"team0425 长郡中学3队 长沙市长郡中学",8,23:13:06,"04:11:30 (-1)",03:56:09,,03:42:11,,"02:54:35 (-3)",01:21:47,"01:20:51 (-1)",,"02:35:55 (-1)",01:10:08,
26,"team0762 NFLS-T07 南京外国语学校",7,12:48:45,"03:29:24 (-2)",,,"01:01:48 (-1)",,01:56:59,00:45:23,"01:29:40 (-2)",,01:07:49,"00:37:42 (-2)",
27,"team0206 湘潭大学1队 湘潭大学",7,13:22:50,"04:43:36 (-1)",,(-8),01:53:20,,"02:26:37 (-1)",00:55:32,01:18:40,,01:00:06,00:24:59,
28,"team0942 HKUST(GZ)007 香港科技大学",7,13:58:58,02:59:02,"03:39:40 (-1)",(-2),01:49:37,,(-1),00:39:23,"01:25:56 (-2)",,01:11:03,01:14:17,
29,"team0511 北大1队 北京大学",7,14:24:34,,,"01:26:41 (-1)",01:42:20,,"03:21:26 (-2)","02:40:02 (-1)","01:22:05 (-2)",,01:19:22,00:32:38,
30,"team0922 fduteam02 复旦大学",7,14:31:59,(-10),,"01:46:52 (-5)","00:20:11 (-3)",,"04:25:42 (-1)",02:46:46,00:33:15,,00:59:30,00:39:43,
31,"team0888 明天一定要开一场了 西安交通大学",7,14:33:56,,03:30:23,(-1),"01:44:45 (-3)",,"03:55:49 (-1)",02:25:39,"00:25:14 (-1)",,00:40:15,00:11:51,
32,"team0223 小来啃老，老来啃小 上海师范大学",7,15:10:24,03:57:43,,(-3),02:24:00,,02:52:45,01:22:14,"01:43:58 (-2)",,01:33:24,00:36:20,
33,"team0959 干饭三大碗 个人训练",7,15:54:48,03:05:39,,,02:12:43,,04:48:16,01:59:58,"00:48:16 (-1)",,01:23:23,"00:56:33 (-1)",
34,"team0581 UESTC-1队 电子科技大学",7,16:28:04,"04:02:54 (-4)",,,01:32:11,,03:58:45,"02:27:17 (-1)","00:30:17 (-2)",,01:03:26,00:33:14,
35,"team0761 NFLS-T06 南京外国语学校",7,17:02:36,"04:11:42 (-1)",01:46:05,,"02:12:02 (-2)",,,02:50:58,01:29:58,,"01:32:22 (-3)",00:59:29,
36,"team0653 NJU-T03 南京大学",7,17:10:17,03:03:48,,,02:03:04,,04:48:59,04:26:44,00:29:36,,01:14:35,"00:43:31 (-1)",
37,"team0427 长郡中学5队 长沙市长郡中学",7,18:00:22,01:41:11,,,"04:57:35 (-1)",,03:58:48,04:26:35,"00:44:36 (-1)",,01:10:49,00:20:48,
38,"team0780 SMZX02 佛山石门中学",7,18:35:15,(-12),,"04:46:34 (-2)",02:28:55,,"04:27:55 (-1)",02:29:58,00:56:02,,01:34:47,"00:31:04 (-1)",
39,"team0088 SSL07 东莞市东莞中学松山湖学校",7,19:15:27,"01:01:52 (-2)",04:41:50,,04:19:37,,(-2),04:00:28,01:53:37,,01:25:26,01:12:37,
40,"team0365 为什么演奏#include 东南大学",7,19:41:48,"01:04:35 (-3)",,"04:12:02 (-4)",01:37:45,,(-2),04:14:37,"01:06:00 (-1)",,"03:24:31 (-3)",00:22:18,(-1)
41,"team0829 连点成线 华中科技大学",7,19:46:15,"04:27:38 (-1)","02:29:57 (-4)",,02:42:12,,,03:33:27,"00:48:01 (-1)",,"01:33:59 (-1)",01:51:01,
42,"team0957 奶龙大游行 个人训练",7,19:53:10,(-1),(-1),"04:54:47 (-1)","03:09:18 (-2)",(-1),02:58:28,"02:02:30 (-4)","01:02:47 (-4)",(-1),"01:14:07 (-1)",00:31:13,(-1)
43,"team0428 长郡中学6队 长沙市长郡中学",7,19:56:06,"04:54:56 (-2)",,,"03:11:38 (-1)",,"03:45:03 (-2)",01:13:14,"02:36:51 (-2)",,01:18:08,00:36:16,
44,"team0759 NFLS-T04 南京外国语学校",7,20:05:31,,,"04:23:40 (-5)","02:11:30 (-1)",,"03:04:55 (-4)","01:37:22 (-6)","00:30:12 (-2)",,"01:33:52 (-1)",00:24:00,
45,"team0424 长郡中学2队 长沙市长郡中学",7,22:36:14,04:25:19,,(-3),"03:32:06 (-1)",,"03:28:16 (-7)","02:25:37 (-4)",01:32:54,,"01:57:57 (-3)",00:14:05,
46,"team0321 hit1队 哈尔滨工业大学（深圳）",7,22:39:38,"04:03:52 (-5)",,,01:49:07,,03:52:11,"03:43:33 (-2)",00:51:02,,"01:04:32 (-1)",04:35:21,
47,"team0989 湘岚I 湖南第一师范学院",7,23:40:25,(-1),04:45:24,,02:53:33,04:30:13,(-1),03:25:41,03:52:55,,01:54:51,02:17:48,
48,"team0499 清华附中2队 清华大学附属中学",7,27:20:40,04:26:08,,,"04:46:17 (-3)",,"03:32:03 (-1)","04:16:40 (-4)",01:11:12,,03:06:08,"02:42:12 (-2)",
49,"team0806 想成为女铜吧 南开大学",6,08:03:55,,,(-2),01:54:56,,00:33:34,01:42:23,"01:05:16 (-1)",,01:22:50,01:04:56,
50,"team0423 长郡中学1队 长沙市长郡中学",6,08:48:50,,,,02:52:48,,00:20:29,02:15:52,"01:03:53 (-1)",,01:21:54,00:33:54,
51,"team0729 CQUFlames 重庆大学",6,10:17:45,03:36:37,,,"01:37:20 (-1)",,(-3),"02:01:30 (-1)","00:51:54 (-1)",,00:50:28,00:19:56,
52,"team0018 ZJUT1 浙江工业大学",6,10:38:56,,(-6),(-15),01:50:01,,02:27:03,03:19:41,"00:53:21 (-1)",,"01:03:09 (-1)",00:25:41,
53,"team0930 fduteam10 复旦大学",6,11:31:00,03:01:41,,(-4),"01:25:09 (-3)",(-4),,02:02:31,"00:49:08 (-7)",,00:35:49,00:16:42,
54,"team0894 厦大二队 厦门大学",6,11:41:02,,,,"02:33:41 (-1)",,04:25:45,02:05:30,00:34:51,,01:03:26,00:37:49,
55,"team0756 NFLS-T01 南京外国语学校",6,12:08:48,,,(-9),"02:35:10 (-5)",,"03:38:56 (-4)",00:33:37,01:05:44,,00:17:41,00:57:40,
56,"team0858 NJU-T17 南京大学",6,12:24:09,(-2),,"03:05:25 (-4)",01:52:02,,(-1),02:08:49,"00:53:09 (-1)",,"01:36:32 (-1)","00:28:12 (-1)",
57,"team0941 HKUST(GZ)006 香港科技大学",6,12:29:32,,,,"01:57:07 (-1)",(-5),00:52:59,01:36:03,"01:53:06 (-1)",,"03:14:56 (-1)","01:35:21 (-1)",
58,"team0804 gemini6.0 南开大学",6,13:28:10,,,,01:22:17,"04:26:44 (-1)",,"02:23:15 (-1)","01:33:00 (-1)",,01:38:21,"00:44:33 (-1)",
59,"team0582 UESTC-2队 电子科技大学",6,13:32:56,,,,"01:56:14 (-1)",,"04:46:32 (-2)",02:27:31,"00:59:22 (-1)",,"01:19:34 (-1)",00:23:43,
60,"team0945 HKUST(GZ)010 香港科技大学",6,13:45:33,,,,00:42:32,,03:34:31,"02:49:17 (-1)","01:04:02 (-2)",,"02:14:40 (-1)","01:20:31 (-2)",
61,"team0240 NUIST_亡灵契约师 南京信息工程大学",6,14:27:16,,,,"03:11:01 (-3)",,01:16:30,04:28:35,01:12:15,,01:55:20,"00:43:35 (-2)",
62,"team0587 UESTC-7队 电子科技大学",6,14:34:36,(-2),03:38:27,,"02:03:30 (-2)",,,"02:57:06 (-5)","01:23:20 (-1)",,"00:52:44 (-1)","00:19:29 (-1)",
63,"team0808 六兆年零一夜的ACM 西安交通大学",6,14:36:28,"04:02:31 (-1)",,,02:14:33,,,00:51:08,"01:17:24 (-1)",,"01:40:47 (-1)","02:30:05 (-3)",
64,"team0893 厦大一队 厦门大学",6,14:36:54,(-2),,,"01:47:16 (-1)",,04:17:56,"03:41:45 (-1)","00:48:32 (-1)",,02:44:45,00:16:40,
65,"team0143 南方科技大学1队 南方科技大学",6,14:39:12,"04:26:42 (-2)",,,02:15:24,,,02:35:02,"00:52:44 (-1)",,"01:36:39 (-4)",00:32:41,
66,"team0065 WMU-2 温州医科大学",6,14:50:30,,,(-2),02:41:11,,"04:16:53 (-2)",03:26:59,00:41:58,,"01:13:27 (-1)",01:30:02,
67,"team0767 NFLS-T12 南京外国语学校",6,14:50:33,,03:34:15,,"02:32:50 (-1)",,04:06:46,(-6),01:13:24,,01:44:11,01:19:07,
68,"team0928 fduteam08 复旦大学",6,15:06:04,,,,00:54:40,,"04:37:08 (-1)",02:09:14,"01:31:52 (-1)",,"03:22:32 (-2)",01:10:38,
69,"team0895 厦大三队 厦门大学",6,15:13:43,03:09:44,,,"02:30:41 (-3)",,(-2),04:24:11,"01:22:54 (-1)",,01:53:43,00:32:30,
70,"team0687 njusz02 南京大学苏州校区",6,15:18:13,04:39:17,,,"04:00:02 (-1)",,,02:53:03,"01:29:52 (-1)",,01:08:06,00:27:53,
71,"team0211 HITS001 哈尔滨工业大学",6,15:24:10,(-1),,,02:03:54,,"04:21:12 (-1)","03:53:30 (-1)","01:29:42 (-1)",,"01:20:10 (-1)",00:55:42,
72,"team0932 fduteam12 复旦大学",6,15:45:33,,,,"04:36:32 (-1)",,"02:46:57 (-2)",04:56:01,"00:32:45 (-1)",,00:56:02,00:37:16,
73,"team0896 厦大四队 厦门大学",6,16:10:17,04:42:57,,,02:38:27,,,03:30:35,01:14:24,,02:06:20,"01:17:34 (-2)",
74,"team0079 101是回文串 东北师范大学",6,16:24:27,,,,02:07:11,,"04:02:46 (-2)",04:38:00,00:48:13,,"02:15:42 (-4)",00:32:35,
75,"team0575 YWZX05 义乌中学",6,16:36:25,03:02:14,,,00:37:21,,,04:25:51,01:21:50,,04:30:35,02:38:34,
76,"team0308 华附3队 华南师范大学附属中学",6,16:49:49,,02:50:09,,"01:25:46 (-1)",,(-8),"04:35:06 (-1)","00:34:16 (-2)",,01:41:28,"03:43:04 (-2)",
77,"team0774 NFLS-T19 南京外国语学校",6,17:10:37,,03:17:28,,"03:57:43 (-11)",,(-4),01:26:16,"01:47:45 (-1)",,01:50:33,00:50:52,
78,"team0232 佐伯米莉亚 宁德师范学院",6,17:25:53,,"03:16:35 (-1)",,"03:22:57 (-2)",,(-6),04:43:34,"01:07:43 (-2)",,02:34:36,00:40:28,
79,"team0703 交流障碍星人 吉林大学",6,17:56:02,,,,"03:07:38 (-4)",,"04:26:57 (-5)",02:02:38,"01:45:51 (-1)",,02:29:34,00:43:24,
80,"team0089 不是清北一队 北京邮电大学",6,19:42:19,(-2),,,"04:31:02 (-5)",,03:39:41,02:21:46,"02:10:03 (-1)",,"02:44:57 (-1)","01:34:50 (-1)",
81,"team0584 UESTC-4队 电子科技大学",6,19:57:18,,,,"03:57:07 (-3)",,"04:55:23 (-4)",04:34:38,"01:06:58 (-2)",,01:47:01,00:36:11,
82,"team0327 双十中学2队 福建省厦门双十中学",6,20:33:42,(-5),03:59:25,,01:17:29,,,"02:27:50 (-1)","02:29:04 (-2)",,"04:18:10 (-1)",04:41:44,
83,"team0773 NFLS-T18 南京外国语学校",6,21:07:27,,04:54:11,,"02:48:08 (-1)",,,"03:39:43 (-1)","01:33:42 (-4)",,"02:51:21 (-6)","01:00:22 (-1)",
84,"team0914 2026杭电14队 杭州电子科技大学",6,22:13:03,,"03:48:31 (-4)",,"02:27:09 (-1)",,(-5),04:45:10,00:37:56,,"03:20:27 (-16)",00:13:50,
85,"team0576 YWZX06 义乌中学",6,22:34:53,"03:01:54 (-2)",,,00:37:06,,(-2),04:25:37,"01:21:39 (-6)",,"04:30:16 (-3)","02:38:21 (-7)",
86,"team0063 UPC1953 中国石油大学（华东）",6,22:58:33,"01:11:03 (-2)",,,04:04:11,,,"04:04:33 (-6)","02:00:43 (-5)",,"03:08:46 (-5)","02:09:17 (-1)",
87,"team0923 fduteam03 复旦大学",6,24:04:33,,,,"02:40:37 (-5)",,04:47:01,04:07:05,"01:42:43 (-6)",,"03:08:10 (-1)",03:38:57,
88,"team0781 SMZX03 佛山石门中学",5,06:40:01,,,,01:26:59,,,00:48:54,"01:25:08 (-1)",,02:01:11,00:37:49,
89,"team0766 NFLS-T11 南京外国语学校",5,06:48:21,,,,"01:37:11 (-1)",,,01:24:52,"00:47:04 (-1)",,00:22:46,01:56:28,
90,"team0443 NEU_Team01 东北大学",5,06:50:50,,,,02:18:48,,(-2),02:01:16,00:30:19,,01:10:28,00:49:59,
91,"team0927 fduteam07 复旦大学",5,08:22:16,(-3),,,"03:17:31 (-1)",,(-2),01:25:09,00:10:06,,"01:01:37 (-1)",01:47:53,
92,"team0789 甄综术艺 浙江省瑞安中学",5,08:52:19,,,,02:44:53,,(-15),"01:55:27 (-1)","01:45:59 (-2)",,00:48:56,00:37:04,
93,"team0778 NFLS-T23 南京外国语学校",5,09:08:37,,,,02:18:17,,,"00:51:45 (-1)","01:29:11 (-1)",,"01:17:23 (-1)",02:12:01,
94,"team0113 妈妈 华东师范大学",5,09:27:31,,,,02:44:15,,,03:21:59,"00:30:22 (-1)",,01:34:02,00:56:53,
95,"team0083 SSL02 东莞市东莞中学松山湖学校",5,09:31:06,,,,02:31:09,,(-1),02:33:26,"01:06:59 (-1)",,01:47:31,"00:52:01 (-1)",
96,"team0461 njupt26t01 南京邮电大学",5,09:32:11,,,,"01:34:21 (-1)",,(-3),03:08:44,"01:33:51 (-2)",,01:30:19,00:44:56,
97,"team0920 正在被计算机系统肘击 华南农业大学",5,09:36:10,,,,02:39:37,,,04:12:44,00:57:14,,01:33:01,00:13:34,
98,"team0816 nbu8 宁波大学",5,09:36:35,,,,02:15:48,,(-2),"02:23:13 (-1)","01:25:44 (-3)",,"01:19:17 (-1)",00:32:33,
99,"team0667 SWUN-T1 西南民族大学",5,09:55:17,,,,02:02:26,,,03:33:57,"00:55:29 (-1)",,"01:38:52 (-1)",01:04:33,
100,"team0319 华附14队 华南师范大学附属中学",5,09:55:28,,,,01:54:23,,,"03:48:55 (-3)","00:46:29 (-1)",,"01:20:58 (-1)",00:24:43,
101,"team0810 nbu2 宁波大学",5,10:18:26,,,,"01:35:40 (-1)",,,"02:52:18 (-7)","00:35:40 (-3)",,"01:02:46 (-1)",00:12:02,
102,"team0353 HNUTEAM02 湖南大学",5,10:23:22,,(-1),,02:23:46,,"03:24:26 (-1)",,"01:12:07 (-2)",,00:45:58,01:37:05,
103,"team0526 绍一1队 绍兴市第一中学",5,10:43:39,(-1),,,"01:29:27 (-3)",,"04:31:51 (-1)",,"00:41:14 (-1)",,"01:10:39 (-2)",00:30:28,
104,"team0934 狼狼狼 西南财经大学",5,10:58:35,,,,02:18:18,,,"04:23:57 (-1)",00:48:45,,01:53:57,01:13:38,
105,"team0655 NJU-T05 南京大学",5,11:00:39,,,,02:10:32,,,"03:30:52 (-2)","01:19:54 (-1)",,01:57:28,01:01:53,
106,"team0787 树状数组 北京理工大学",5,11:07:46,,,,"03:18:56 (-7)",,(-2),"02:40:01 (-1)",00:59:01,,00:29:07,01:00:41,
107,"team0252 这一发一定过 暨南大学",5,11:31:41,,,(-1),"02:01:32 (-1)",,(-1),"03:47:37 (-2)","00:42:34 (-1)",,"02:06:14 (-3)","00:13:44 (-1)",(-1)
108,"team0054 队名 四川大学",5,11:35:52,,,,"02:13:42 (-1)",,(-20),04:06:00,00:37:38,,"02:25:12 (-4)",00:33:20,
109,"team0696 scut3 华南理工大学",5,11:39:23,,,,02:07:50,,,"04:10:13 (-1)",01:29:31,,01:43:03,"01:08:46 (-2)",
110,"team0145 南方科技大学3队 南方科技大学",5,11:42:20,(-1),,,"03:34:29 (-2)",,(-1),02:25:55,"01:30:56 (-5)",,01:13:50,00:37:10,
111,"team0348 ztz 广东药科大学",5,11:56:45,,(-2),(-4),"02:16:13 (-1)",(-2),,02:03:12,"01:51:30 (-1)",,"01:58:35 (-1)","01:47:15 (-3)",
112,"team0244 NUIST_封印王座 南京信息工程大学",5,12:01:53,,,,03:22:44,,,"03:46:54 (-2)","01:28:43 (-2)",,01:14:01,"00:29:31 (-1)",
113,"team0788 毛球 深圳中学",5,12:07:49,,"04:34:12 (-3)",,02:33:26,,,,00:42:14,,"01:50:51 (-3)",00:27:06,
114,"team0558 FZU3 福州大学",5,12:16:24,,,,03:43:52,,,04:46:10,"00:45:08 (-1)",,02:28:04,00:13:10,
115,"team0744 先生，这得花不少token 哈尔滨工业大学（威海）",5,12:16:46,,,,02:34:59,,(-1),03:06:42,"00:38:25 (-1)",,01:29:15,04:07:25,
116,"team0905 2026杭电5队 杭州电子科技大学",5,12:17:29,,,,02:18:28,(-2),(-6),04:48:12,"00:51:47 (-1)",,"02:21:35 (-2)",00:57:27,
117,"team0031 飘向北方 山东理工大学",5,12:23:01,,,,"02:26:34 (-1)",,,04:27:26,"00:51:54 (-1)",,"02:33:58 (-1)",01:03:09,
118,"team0435 zafu1 浙江农林大学",5,12:26:41,,,,02:55:13,,,"04:11:39 (-1)","01:56:53 (-2)",,"01:37:51 (-1)",00:25:05,
119,"team0623 杭电元老队 杭州电子科技大学",5,12:33:27,,,,"03:17:36 (-3)",,03:01:24,,"02:01:43 (-2)",,01:19:55,"00:32:49 (-2)",
120,"team0760 NFLS-T05 南京外国语学校",5,12:37:30,,,,"02:30:58 (-4)",,,03:03:52,"01:02:35 (-2)",,"02:51:06 (-2)",00:28:59,
121,"team0574 YWZX04 义乌中学",5,12:45:28,,,,02:26:00,,,03:50:41,01:02:33,,04:09:26,01:16:48,
122,"team0016 螺旋飞升 广东工业大学",5,12:47:01,,,,"03:13:19 (-1)",,(-1),"04:02:52 (-1)","02:13:23 (-1)",,01:26:27,00:51:00,
123,"team0889 再来一咕嘎 西安工业大学",5,12:48:01,,,,04:16:16,,,03:05:04,01:32:53,,02:42:14,01:11:34,
124,"team0821 电子白脸角鸮不会被捕 华中科技大学",5,12:56:24,,(-1),,03:46:20,,(-3),03:42:42,"02:12:20 (-1)",,"01:15:24 (-1)",01:19:38,
125,"team0686 njusz01 南京大学苏州校区",5,13:00:01,,,,"01:39:52 (-2)",,(-2),"03:35:21 (-1)","01:43:49 (-4)",,03:01:20,00:39:39,
126,"team0763 NFLS-T08 南京外国语学校",5,13:01:46,,,(-10),"03:18:04 (-8)",,(-8),"01:56:05 (-3)","00:33:51 (-2)",,"01:09:26 (-1)","01:04:20 (-1)",
127,"team0395 九紫星 华南理工大学",5,13:04:19,,,,"02:47:52 (-3)",,,03:49:46,00:34:39,,"03:10:46 (-3)",00:41:16,
128,"team0149 ZJNU-1 浙江师范大学",5,13:18:02,,,,"02:43:28 (-5)",,(-2),"03:45:46 (-4)",01:11:31,,"01:58:24 (-1)",00:18:53,
129,"team0705 卡卡 吉林大学",5,13:21:41,,,,"01:36:53 (-4)",,,04:35:08,"00:37:51 (-1)",,"02:05:54 (-3)","00:45:55 (-3)",
130,"team0529 绍一4队 绍兴市第一中学",5,13:28:56,,,,"03:24:27 (-3)",,,03:24:43,"01:31:22 (-3)",,"01:55:28 (-1)",00:52:56,
131,"team0136 铁花飞 长江大学",5,13:34:28,,,,03:29:46,,,"04:57:49 (-1)","02:00:32 (-3)",,01:01:18,00:45:03,
132,"team0554 温中4队 温州中学",5,13:37:14,(-1),,,03:32:07,,,"01:21:54 (-3)","01:01:43 (-2)",,02:14:35,"02:46:55 (-3)",
133,"team0982 金陵2队 南京市第一中学",5,13:44:11,,,,"03:05:28 (-3)",,03:33:56,(-6),"01:22:20 (-3)",,02:07:44,01:34:43,
134,"team0904 2026杭电4队 杭州电子科技大学",5,13:47:57,,,,02:24:33,,"04:01:04 (-5)",,"01:12:05 (-3)",,"01:49:00 (-1)",01:21:15,
135,"team0571 YWZX01 义乌中学",5,13:55:20,,,,03:41:24,,,04:21:46,00:36:28,,02:41:01,02:34:41,
136,"team0494 有点太草率了 北京理工大学",5,14:00:44,,,(-1),02:29:23,,04:30:45,,"02:34:49 (-5)",,00:54:58,"01:30:49 (-1)",
137,"team0666 NJU-T16 南京大学",5,14:01:35,,,,04:08:03,,,02:45:31,"02:53:15 (-3)",,"02:09:37 (-1)",00:45:09,
138,"team0717 悲怆 吉林大学",5,14:04:16,,,,03:58:17,,,04:46:19,"01:42:18 (-1)",,02:34:15,00:43:07,
139,"team0053 哀兵 兰州大学",5,14:17:45,,,,03:45:56,,,03:28:55,"01:01:07 (-2)",,"02:04:03 (-3)",02:17:44,
140,"team0651 NJU-T01 南京大学",5,14:25:36,,,,"04:08:50 (-1)","03:31:43 (-1)",,,02:30:08,,02:42:39,00:52:16,
141,"team0233 浙江财经大学1队 浙江财经大学",5,14:29:57,,,,02:05:04,,,"02:18:33 (-2)","01:26:35 (-5)",,01:02:16,"04:17:29 (-3)",
142,"team0039 华东师大二附中二队 华东师范大学第二附属中学",5,14:30:48,,,"03:59:33 (-2)","03:32:05 (-4)",,(-18),(-1),01:24:14,,"02:27:40 (-1)",00:47:16,
143,"team0843 北化2队 北京化工大学",5,14:31:35,,,,03:02:46,,,04:27:49,"02:12:46 (-3)",,"00:30:22 (-1)","01:57:52 (-3)",
144,"team0606 Dyca 合肥168中学",5,14:47:08,,,,04:16:51,,(-1),03:20:09,"02:22:00 (-2)",,"02:49:40 (-1)",00:58:28,
145,"team0802 你一句别送我就往前冲 南开大学",5,14:49:27,,,,"03:37:54 (-7)",,,03:24:07,"00:53:12 (-2)",,"02:02:02 (-2)",01:12:12,
146,"team0458 NEU_Team16 东北大学",5,15:12:52,,,,03:31:37,,,"03:18:27 (-2)","01:46:16 (-4)",,02:29:13,"01:27:19 (-2)",
147,"team0114 宝小姐又换了手机号 华东师范大学",5,15:34:28,(-1),,,04:20:11,,(-4),02:56:50,"03:23:49 (-3)",,02:14:15,01:39:23,
148,"team0776 NFLS-T21 南京外国语学校",5,15:43:36,"04:33:06 (-2)",,,"04:12:22 (-2)",,,,"00:56:03 (-1)",,"01:12:20 (-1)","02:29:45 (-1)",
149,"team0097 在学校咱们就练起来！ 北京邮电大学",5,15:44:52,,,,01:42:08,,,03:37:50,"01:14:20 (-1)",,"03:57:33 (-13)",00:33:01,
150,"team0367 捉鬼小队 东南大学",5,15:47:33,,,,"04:57:07 (-3)",,,"04:01:22 (-1)",01:38:45,,"02:19:27 (-1)",01:10:52,
151,"team0230 六神合体 湖南长沙麓山国际实验学校",5,15:54:00,(-2),,(-1),"01:32:18 (-2)",,03:28:12,(-5),"02:48:50 (-5)",,"03:14:36 (-3)",01:30:04,
152,"team0445 NEU_Team03 东北大学",5,15:56:49,"04:55:35 (-1)",,,"03:57:06 (-2)",,(-6),,"00:56:50 (-1)",,"02:22:38 (-1)",02:04:40,
153,"team0559 FZU4 福州大学",5,16:01:41,,,,02:20:32,,(-1),04:39:03,"01:37:19 (-2)",,"03:25:14 (-7)",00:59:33,
154,"team0259 东华大学二队 东华大学",5,16:03:12,,,,02:28:31,,,04:23:09,"01:41:50 (-1)",,"03:32:37 (-6)","01:17:05 (-1)",
155,"team0902 2026杭电2队 杭州电子科技大学",5,16:05:02,,,,01:05:23,,(-1),"03:09:07 (-1)","02:03:37 (-1)",,"04:29:35 (-8)",01:57:20,
156,"team0470 njupt26t10 南京邮电大学",5,16:26:18,,,,"04:23:41 (-1)",,"04:48:40 (-1)",,"01:48:43 (-1)",,"02:54:59 (-2)",00:50:15,
157,"team0094 二阶堂艾玛 北京邮电大学",5,16:27:07,,,,"02:53:38 (-10)",,,03:49:45,"02:13:20 (-5)",,"01:29:09 (-2)",00:21:15,
158,"team0728 次元沸腾 重庆大学",5,16:38:00,,,,"04:31:07 (-2)",,(-2),04:02:37,"01:40:28 (-5)",,"02:33:10 (-2)",00:50:38,
159,"team0591 提姆玩 天津大学",5,16:56:09,(-2),,,"04:19:15 (-2)",,,04:25:27,"01:35:08 (-2)",,"03:34:33 (-2)",01:01:46,
160,"team0955 广式柠檬茶 个人训练",5,17:19:16,,,,"03:04:07 (-2)",,,"01:48:22 (-1)","00:37:57 (-2)",,"03:50:22 (-8)",03:38:28,
161,"team0897 厦大五队 厦门大学",5,19:11:39,,,,"04:38:05 (-1)",,,03:21:05,"01:32:13 (-2)",,02:47:18,"04:52:58 (-3)",
162,"team0433 csu005 中南大学",5,20:25:06,,,,(-20),,"04:18:57 (-1)",04:33:14,"02:29:39 (-7)",,"02:55:12 (-4)",02:08:04,
163,"team0572 YWZX02 义乌中学",5,22:39:50,(-13),,,"03:41:07 (-10)",,,"04:21:29 (-4)","00:36:20 (-2)",,"02:46:22 (-8)","02:34:32 (-2)",
164,"team0212 HITS002 哈尔滨工业大学",4,06:03:30,,,,"01:02:18 (-1)",,,,"00:51:56 (-1)",,03:05:34,00:23:42,
165,"team0442 关注李兰小猫咪谢谢喵 湖南师范大学附属中学",4,06:23:23,,(-2),,(-3),,(-8),"02:25:58 (-1)","00:53:56 (-1)",,"01:36:15 (-1)",00:27:14,
166,"team0462 njupt26t02 南京邮电大学",4,06:26:03,,,,"02:36:25 (-1)",,,,00:38:57,,00:41:16,"01:29:25 (-2)",
167,"team0798 转人机 北京航空航天大学",4,06:29:35,,,,"02:35:04 (-1)",,,(-6),01:26:08,,01:43:04,00:25:19,
168,"team0695 scut2 华南理工大学",4,06:43:02,,,,03:11:50,,,,01:16:25,,01:30:06,00:44:41,
169,"team0177 永恒的武汉大学 武汉大学",4,06:46:23,,,,03:13:14,,,,01:05:27,,01:55:08,00:32:34,
170,"team0092 三只企鹅 北京邮电大学",4,06:59:30,,,,"03:00:44 (-1)",,,(-4),"02:06:30 (-1)",,00:32:57,00:39:19,
171,"team0658 NJU-T08 南京大学",4,07:02:42,,,,(-11),,,03:13:28,"01:14:52 (-2)",,01:30:37,00:23:45,
172,"team0174 湖州师大1队 湖州师范大学",4,07:14:51,,,,03:08:19,,,,01:19:05,,01:58:19,00:49:08,
173,"team0881 NUAA09 南京航空航天大学",4,07:27:29,,,,"02:35:27 (-1)",,,,"01:35:23 (-2)",,00:54:47,"01:01:52 (-1)",
174,"team0204 紧闭的恋之瞳 西安欧亚学院",4,07:34:40,,,,03:29:10,,,,02:18:38,,01:31:41,00:15:11,
175,"team0915 2026杭电15队 杭州电子科技大学",4,07:42:33,,,,"01:09:28 (-1)",,,,00:45:08,,"03:02:28 (-2)",01:45:29,
176,"team0712 醉星河 吉林大学",4,07:45:08,,,,"03:23:48 (-1)",,,(-6),01:29:27,,"01:06:12 (-1)",01:05:41,
177,"team0123 愿此行终抵final 西南财经大学",4,07:47:52,,,,02:04:04,,,,01:03:11,,"03:23:47 (-2)",00:36:50,
178,"team0005 安师大算法竞赛集训队 安徽师范大学",4,07:56:11,,,,03:20:27,,,,"01:28:34 (-1)",,"01:56:43 (-1)",00:30:27,
179,"team0906 2026杭电6队 杭州电子科技大学",4,07:57:04,,,,(-6),,,"02:27:51 (-2)",01:28:48,,"01:33:20 (-2)",01:07:05,
180,"team0661 NJU-T11 南京大学",4,08:04:52,,,,(-5),,(-2),02:50:26,"01:11:05 (-2)",,"02:12:43 (-2)",00:30:38,
181,"team0224 _clear._ 上海师范大学",4,08:31:09,,,,03:21:24,,(-4),(-1),"02:39:40 (-2)",,00:32:54,01:17:11,
182,"team0434 csu006 中南大学",4,08:33:28,,,,02:33:19,,(-5),,"01:35:10 (-5)",,"01:31:03 (-2)",00:33:56,
183,"team0109 浙商大1队 浙江工商大学",4,08:35:33,,,,"00:46:51 (-1)",,,,"02:13:15 (-4)",,"02:21:31 (-1)","00:53:56 (-1)",
184,"team0586 UESTC-6队 电子科技大学",4,08:35:33,,,,02:46:21,,,(-3),"01:24:55 (-1)",,"03:00:20 (-1)",00:43:57,
185,"team0796 优雅绽放的墨染樱 北京航空航天大学",4,08:44:50,,,,"03:49:54 (-1)",,(-3),,00:56:41,,02:08:48,01:29:27,
186,"team0704 帮我开下A103 吉林大学",4,08:50:10,,,,"04:11:50 (-1)",,(-1),(-1),"01:14:54 (-1)",,"01:38:30 (-1)",00:44:56,
187,"team0028 打完回家玩超级好玩的我的世界有没有懂的 长春大学",4,08:58:31,,,,03:58:43,,,,02:08:42,,01:37:20,"00:53:46 (-1)",
188,"team0768 NFLS-T13 南京外国语学校",4,09:07:58,,,,,,,03:02:29,"01:45:41 (-3)",,"02:16:32 (-2)",00:23:16,
189,"team0266 搞得跟真的一样 安徽工业大学",4,09:23:05,,,,"03:30:34 (-1)",,,,"01:24:31 (-1)",,"02:28:56 (-1)",00:59:04,
190,"team0553 温中3队 温州中学",4,09:28:04,,,,"04:05:48 (-1)",,,02:04:10,"01:05:29 (-1)",,(-7),"01:12:37 (-1)",
191,"team0903 2026杭电3队 杭州电子科技大学",4,09:37:22,,,,"03:44:08 (-6)",,,,"00:31:18 (-1)",,"01:05:39 (-2)",01:16:17,
192,"team0793 WA自动机 北京航空航天大学",4,09:46:10,,,,02:53:32,,,,"01:29:05 (-2)",,"03:13:28 (-2)",00:50:05,
193,"team0160 宁波理工1队 浙大宁波理工学院",4,09:46:25,,,,(-4),,,04:32:53,"00:40:27 (-2)",,"02:15:22 (-2)",00:57:43,
194,"team0748 全交给运气了 哈尔滨工业大学（威海）",4,09:50:11,,,,"03:40:44 (-3)",,(-18),,"01:23:22 (-3)",,01:27:51,"00:38:14 (-2)",
195,"team0091 我的青春算竞物语果然有问题 北京邮电大学",4,09:50:26,,,,03:34:13,,(-3),,"01:40:08 (-1)",,"02:41:40 (-1)",01:14:25,
196,"team0801 504-大脑连接超时 南开大学",4,09:55:20,,,,"03:16:13 (-1)",,,,"03:20:24 (-3)",,01:03:50,"00:34:53 (-1)",
197,"team0694 scut1 华南理工大学",4,09:56:28,,,,03:43:56,,,,00:34:49,,01:53:29,"03:04:14 (-2)",
198,"team0625 新生也疯狂-2 杭州电子科技大学",4,09:57:39,,,,(-2),,,04:39:46,"02:07:00 (-1)",,"01:35:50 (-2)",00:35:03,
199,"team0670 scmzu01 中南民族大学",4,10:01:56,,,,04:09:23,,,,"01:13:21 (-2)",,"02:43:10 (-2)",00:36:02,
200,"team0592 提姆兔 天津大学",4,10:03:07,,,,03:49:49,,(-2),02:52:56,"01:12:16 (-1)",,(-4),"01:28:06 (-1)",
201,"team0837 万里2队 浙江万里学院",4,10:06:29,,,,02:32:04,,(-1),,"03:15:24 (-4)",,01:54:35,01:04:26,
202,"team0226 南大软院2队 南昌大学",4,10:06:52,,,,02:03:06,,,,"03:19:58 (-4)",,"02:11:01 (-1)","00:32:47 (-1)",
203,"team0096 异等小队 北京邮电大学",4,10:07:08,(-2),,,(-5),,(-4),02:56:09,"01:49:43 (-1)",,"02:18:04 (-2)","01:43:12 (-1)",
204,"team0484 ecnu01 华东师范大学",4,10:08:33,,,,(-1),,,03:27:12,"00:50:45 (-1)",,"04:27:40 (-2)",00:22:56,
205,"team0629 新生也疯狂-6 杭州电子科技大学",4,10:10:57,,,,03:59:09,,,,01:34:53,,"02:57:03 (-2)",00:59:52,
206,"team0256 码上要疯了 中国地质大学（北京）",4,10:19:31,,,,01:58:05,,(-3),,"01:56:59 (-3)",,"03:11:50 (-4)",00:52:37,
207,"team0338 终焉断点 长沙理工大学",4,10:28:23,,,,04:06:31,,,,00:55:37,,"03:07:03 (-2)",01:39:12,
208,"team0958 巴巴爸爸变变变 个人训练",4,10:30:42,,,,(-8),,,03:58:15,01:05:56,,02:23:18,"02:23:13 (-2)",
209,"team0926 fduteam06 复旦大学",4,10:56:24,,,,(-7),,,"03:15:08 (-2)","01:42:32 (-3)",,"01:09:29 (-1)","02:29:15 (-1)",
210,"team0939 HKUST(GZ)004 香港科技大学",4,10:57:01,,,,"04:09:56 (-3)",,(-1),,"02:20:37 (-4)",,00:56:56,01:09:32,
211,"team0290 北方工业大学1队 北方工业大学",4,10:58:52,,,,02:37:59,,,(-4),"01:39:22 (-2)",,"02:49:42 (-1)","01:51:49 (-3)",
212,"team0107 渡鸦号 山东科技大学",4,11:00:35,,,,04:02:37,,,,01:47:43,,03:05:27,02:04:48,
213,"team0510 清华10队 清华大学",4,11:02:53,,,,"03:31:59 (-1)",,,,"01:29:04 (-1)",,"01:06:42 (-1)",03:55:08,
214,"team0062 哦吼吼吼吼 广西师范大学",4,11:04:17,,,,04:13:49,,,,00:49:46,,"03:14:35 (-1)",02:26:07,
215,"team0636 杭州育才5队 杭州育才中学",4,11:07:16,,,,(-1),,(-6),03:55:46,"03:01:40 (-5)",,00:51:55,"00:57:55 (-2)",
216,"team0938 HKUST(GZ)003 香港科技大学",4,11:11:10,,,,"03:32:16 (-2)",,,,"02:05:31 (-4)",,02:42:08,00:51:15,
217,"team0826 不重要 华中科技大学",4,11:11:32,,,,03:04:28,,,,"02:11:53 (-3)",,"03:40:26 (-1)",00:54:45,
218,"team0415 HZCU01 浙大城市学院",4,11:14:30,,,,02:48:12,,(-2),,"01:37:07 (-2)",,"04:36:22 (-3)",00:32:49,
219,"team0118 杉淼 华东师范大学",4,11:18:54,,(-2),,"02:23:28 (-2)",,,,"01:23:16 (-3)",,03:14:37,02:37:33,
220,"team0772 NFLS-T17 南京外国语学校",4,11:23:41,,,,"02:50:19 (-3)",,,,01:17:45,,"03:11:28 (-2)",02:24:09,
221,"team0450 NEU_Team08 东北大学",4,11:26:56,,,,"04:05:46 (-1)",,,,01:26:59,,"03:22:08 (-1)",01:52:03,
222,"team0298 吃瓜群众 成都理工大学",4,11:40:21,,,,"04:32:49 (-1)",,,,"01:50:33 (-1)",,"03:09:16 (-1)",01:07:43,
223,"team0706 请输入代码 吉林大学",4,11:40:27,,,,"02:54:09 (-1)",,(-1),,"02:35:53 (-4)",,"02:00:34 (-5)",00:49:51,
224,"team0263 队长带头玩galgame 东北大学秦皇岛分校",4,11:46:31,,,,,,02:24:54,,03:06:37,,04:08:24,"01:46:36 (-1)",
225,"team0243 NUIST_幽魂形态 南京信息工程大学",4,11:56:28,,,,,,(-3),"04:21:23 (-3)","02:08:34 (-1)",,"02:33:05 (-4)",00:13:26,
226,"team0215 HITS005 哈尔滨工业大学",4,11:57:23,,,,,,,04:23:54,"01:54:26 (-2)",,"03:10:55 (-2)",01:08:08,
227,"team0184 葬送的acmer与香辛料 中国传媒大学",4,12:00:12,,,,"04:30:48 (-5)",,,,"01:26:22 (-4)",,02:21:19,00:41:43,
228,"team0258 东华大学一队 东华大学",4,12:00:49,,,,04:25:53,,,,"01:53:40 (-3)",,"02:55:07 (-1)","01:06:09 (-1)",
229,"team0983 金陵3队 南京市第一中学",4,12:03:57,,,,"02:20:47 (-2)",,,"04:19:32 (-1)",(-6),,03:23:29,01:00:09,
230,"team0831 我不是起名大师 河南师范大学",4,12:04:40,,,,"04:39:03 (-3)",,,,"01:26:56 (-1)",,03:04:20,01:34:21,
231,"team0273 膜模莫 中国地质大学（武汉）",4,12:04:57,,,,"03:48:34 (-6)",,,,01:42:02,,01:44:13,02:50:08,
232,"team0090 橙雨星瞳 北京邮电大学",4,12:07:47,,,,"03:10:13 (-2)",,,,00:43:38,,"03:50:05 (-1)","03:03:51 (-1)",
233,"team0912 2026杭电12队 杭州电子科技大学",4,12:11:35,,,,"04:11:05 (-1)",,,,02:07:14,,"03:46:36 (-3)",00:46:40,
234,"team0794 来打一辈子算法竞赛吧 北京航空航天大学",4,12:12:27,,,,"04:36:04 (-2)",,,,"00:42:37 (-1)",,"04:02:18 (-2)",01:11:28,
235,"team0150 ZJNU-2 浙江师范大学",4,12:13:10,,,,02:35:28,,,(-5),"02:12:53 (-4)",,02:40:52,"01:23:57 (-6)",
236,"team0197 进击的霓裳 长春理工大学",4,12:36:52,,,,"04:34:31 (-8)",,,,"01:29:36 (-2)",,"01:52:21 (-2)",00:40:24,
237,"team0012 空越之鸽 广东工业大学",4,12:37:09,,,,"01:55:03 (-1)",,(-3),,"03:02:34 (-1)",,02:00:00,"02:59:32 (-6)",
238,"team0929 fduteam09 复旦大学",4,12:42:14,(-1),,,(-6),,(-3),"03:34:03 (-1)","01:43:54 (-7)",,"01:55:42 (-1)",02:28:35,
239,"team0665 NJU-T15 南京大学",4,12:42:38,(-5),,,(-3),,,03:36:18,"04:12:11 (-5)",,02:22:40,00:51:29,
240,"team0919 秋千月 兰州大学",4,12:43:56,,04:27:46,,,,,03:52:16,"02:36:37 (-2)",,,01:07:17,
241,"team0845 北化4队 北京化工大学",4,12:44:06,,,,"04:47:30 (-5)",,,,01:59:43,,02:34:11,"01:02:42 (-2)",
242,"team0785 QZEZ02 衢州第二中学",4,12:46:01,,,,(-4),,(-1),04:59:00,"03:03:09 (-3)",,"02:47:07 (-1)",00:36:45,
243,"team0364 AC自动坤 东南大学",4,12:58:52,,,,01:58:46,,,,03:38:50,,"03:21:13 (-5)",02:20:03,
244,"team0201 nyw 重庆邮电大学",4,13:14:21,,,,03:50:56,,(-1),,"00:56:17 (-2)",,"03:05:15 (-7)","01:41:53 (-2)",
245,"team0354 HNUTEAM03 湖南大学",4,13:14:47,,(-1),,02:45:21,,,,"03:09:08 (-1)",,"04:42:49 (-3)",01:17:29,
246,"team0292 北方工业大学3队 北方工业大学",4,13:14:52,,,,"03:39:45 (-3)",,,,"02:16:48 (-6)",,01:49:29,02:28:50,
247,"team0202 YZUTEAM 扬州大学",4,13:29:02,,,,"03:43:09 (-4)",,,(-1),"01:18:26 (-2)",,"02:36:55 (-1)","03:10:32 (-1)",
248,"team0491 我们仍未知道正解 北京理工大学",4,13:33:11,,,,04:29:27,,,,01:27:13,,"04:35:12 (-6)",01:01:19,
249,"team0463 njupt26t03 南京邮电大学",4,13:35:14,,,,"03:44:45 (-1)",,,,01:32:15,,"04:48:50 (-5)","01:09:24 (-1)",
250,"team0110 浙商大2队 浙江工商大学",4,13:36:23,,,,"04:07:43 (-1)",,,,"03:50:39 (-2)",,"01:24:01 (-1)","02:34:00 (-1)",
251,"team0775 NFLS-T20 南京外国语学校",4,13:37:43,,,,"01:20:50 (-5)",,(-4),,"02:06:58 (-4)",,"02:59:44 (-1)",03:50:11,
252,"team0006 回到夏天 浙江工商大学",4,13:38:08,,,,03:24:48,,,,"02:06:19 (-5)",,"03:18:05 (-1)","02:28:56 (-1)",
253,"team0004 组一辈子ACM队 西安电子科技大学",4,13:39:08,,,,"04:28:15 (-2)",,,,"02:43:47 (-5)",,"02:34:58 (-1)","00:52:08 (-1)",
254,"team0784 QZEZ01 衢州第二中学",4,13:40:37,,,,"04:08:54 (-2)",,,(-3),02:00:57,,"03:22:51 (-5)","01:27:55 (-1)",
255,"team0908 2026杭电8队 杭州电子科技大学",4,13:46:15,(-1),,,"04:45:06 (-3)",,"01:49:40 (-2)",,"02:11:15 (-1)",,(-22),03:00:14,
256,"team0473 njupt26t13 南京邮电大学",4,13:47:21,,,,04:41:08,,,,"02:44:10 (-2)",,03:56:13,01:45:50,
257,"team0144 南方科技大学2队 南方科技大学",4,13:51:10,,,,"04:46:18 (-3)",,,(-1),"02:21:02 (-4)",,"02:55:32 (-1)",01:08:18,
258,"team0278 RJ消灭计划 中国地质大学（武汉）",4,13:54:19,"02:56:10 (-2)",,,,,,,"03:17:08 (-5)",,"04:20:42 (-1)",00:40:19,
259,"team0585 UESTC-5队 电子科技大学",4,14:00:17,,,,"04:15:37 (-1)",,,,"01:17:36 (-2)",,"02:56:54 (-1)","03:50:10 (-1)",
260,"team0295 无限喵喵 成都理工大学",4,14:10:05,,,,04:50:07,,,,"02:34:18 (-2)",,"03:59:56 (-1)",01:45:44,
261,"team0265 我哪有那么坏！！！ 南京理工大学",4,14:29:36,,,,(-4),,,04:45:48,"03:07:48 (-4)",,"03:20:45 (-2)",01:15:15,
262,"team0231 湖工队 湖南工程学院",4,14:41:05,,,,,,,"04:53:24 (-1)",03:15:00,,"03:19:48 (-2)",02:12:53,
263,"team0362 花团锦簇分队 河南工业大学",4,14:51:17,,,,"03:52:28 (-1)",,,(-1),"04:45:05 (-1)",,02:35:17,02:58:27,
264,"team0003 请输入文本 厦门大学嘉庚学院",4,15:09:29,,,,04:15:42,,(-3),,"03:04:29 (-3)",,"03:06:37 (-4)",02:22:41,
265,"team0573 YWZX03 义乌中学",4,15:12:36,,,(-2),02:24:59,,(-2),,"01:01:47 (-2)",,"04:09:14 (-8)","01:16:36 (-9)",
266,"team0790 以应时需 浙江省瑞安中学",4,15:17:48,,,,"02:43:51 (-3)",,,(-10),00:38:43,,"03:18:35 (-8)","03:56:39 (-3)",
267,"team0764 NFLS-T09 南京外国语学校",4,15:19:26,,,,,,(-1),"04:46:59 (-1)","01:50:53 (-1)",,04:18:07,"03:03:27 (-2)",
268,"team0844 北化3队 北京化工大学",4,15:27:45,,,,"04:02:19 (-1)",,,,"03:07:37 (-5)",,"02:00:34 (-5)",02:37:15,
269,"team0181 苏州大学3队 苏州大学",4,15:39:14,,,,"04:56:47 (-5)",,,,"02:31:40 (-6)",,"03:19:32 (-2)",00:31:15,
270,"team0937 HKUST(GZ)002 香港科技大学",4,15:53:06,,,,04:44:28,,,,03:00:19,,02:51:22,"03:36:57 (-5)",
271,"team0472 njupt26t12 南京邮电大学",4,15:54:56,,,,"00:58:07 (-1)",,,,"03:20:13 (-6)",,"04:39:30 (-3)",03:37:06,
272,"team0196 Formula_I_Push 福建理工大学",4,16:04:24,,,,"04:42:07 (-1)",,,,"02:09:48 (-7)",,"02:53:38 (-2)","02:38:51 (-1)",
273,"team0814 nbu6 宁波大学",4,16:27:19,,,,04:25:23,,(-2),,"03:56:04 (-3)",,"04:08:57 (-1)",02:36:55,
274,"team0337 cumt10 中国矿业大学",4,16:52:58,,,,"04:59:47 (-4)",,,,"02:29:47 (-4)",,"04:05:41 (-3)","01:17:43 (-1)",
275,"team0659 NJU-T09 南京大学",4,16:53:46,,,,04:55:44,,,,"01:51:31 (-2)",,"03:34:44 (-1)","04:51:47 (-2)",
276,"team0819 激思构境 大连海事大学",4,17:06:18,,,,04:26:27,,(-2),,"04:45:09 (-3)",,04:46:13,02:08:29,
277,"team0429 csu001 中南大学",4,18:16:20,,,,(-1),,"04:57:32 (-2)",,"01:51:31 (-2)",,"02:30:03 (-6)","04:17:14 (-4)",
278,"team0907 2026杭电7队 杭州电子科技大学",4,18:39:22,,,,"04:45:31 (-10)",,,,"02:23:02 (-7)",,01:44:59,"02:25:50 (-5)",
279,"team0009 大红鹰怎么能是野鸡呢 宁波财经学院",4,18:49:54,,,,03:23:37,,(-4),,"01:55:54 (-7)",,"03:23:30 (-20)",01:06:53,
280,"team0493 贷款也要打XCPC 北京理工大学",4,19:21:51,,,,"03:28:28 (-1)",,(-1),,"03:44:12 (-7)",,"04:38:11 (-3)","02:51:00 (-3)",
281,"team0444 NEU_Team02 东北大学",4,20:11:56,,,,"04:53:26 (-10)",,,(-1),"01:57:18 (-4)",,"03:47:33 (-3)","02:13:39 (-5)",
282,"team0133 这是备用账号 中国计量大学",4,20:57:04,,,,"04:06:59 (-1)",,,,"04:32:18 (-7)",,"04:17:54 (-1)",04:59:53,
283,"team0501 清华1队 清华大学",3,05:10:31,,,,(-4),,,,01:35:54,,02:31:18,01:03:19,
284,"team0343 棱镜球能抓到炫彩猫猫头吗 南京理工大学",3,05:10:32,,,,(-5),,(-3),,"01:45:47 (-1)",,"00:48:54 (-1)",01:55:51,
285,"team0981 金陵1队 南京市第一中学",3,05:13:04,,,,02:37:35,,,,"01:06:57 (-2)",,,00:48:32,
286,"team0900 厦大八队 厦门大学",3,05:22:34,,,,,,,,01:38:06,,03:00:18,00:44:10,
287,"team0137 镇北皇 河北师范大学",3,05:24:10,,,,,,,,"01:17:17 (-2)",,02:46:46,00:40:07,
288,"team0483 星忆黄昏 华南师范大学",3,05:30:00,,,,(-7),,,,"01:58:53 (-1)",,02:18:51,00:52:16,
289,"team0475 njupt26t15 南京邮电大学",3,05:32:03,,,,,,,,"01:39:48 (-1)",,02:49:36,00:42:39,
290,"team0080 dddd 华东理工大学",3,05:44:54,,,,,,,,"01:37:29 (-1)",,"02:40:30 (-1)",00:46:55,
291,"team0010 只想活下去 西南石油大学",3,05:45:21,,,,,,,,"02:11:19 (-4)",,"01:16:53 (-1)",00:37:09,
292,"team0878 NUAA06 南京航空航天大学",3,05:54:34,,,,,,,,"01:10:45 (-1)",,03:41:19,00:42:30,
293,"team0993 Random_Deep_Cat_Tree 北师香港浸会大学",3,06:12:54,,,,03:59:37,,,,01:30:48,,,00:42:29,
294,"team0827 宁静致远 华中科技大学",3,06:16:43,,,,,,,02:55:21,"01:14:53 (-1)",,01:46:29,,
295,"team0361 HNUTEAM10 湖南大学",3,06:18:06,,,,,,,,"01:39:32 (-6)",,02:10:45,00:27:49,
296,"team0805 Name==NULL 南开大学",3,06:21:14,,,,(-1),,(-8),,"01:36:58 (-2)",,03:28:48,00:35:28,
297,"team0697 scut4 华南理工大学",3,06:26:16,,,,(-9),,(-7),,01:04:33,,"02:53:34 (-4)",01:08:09,
298,"team0183 苏州大学5队 苏州大学",3,06:27:45,,,(-1),,,,,"01:27:55 (-6)",,"01:47:42 (-1)","00:32:08 (-1)",
299,"team0151 ZJNU-3 浙江师范大学",3,06:30:56,,,,"00:46:02 (-2)",,,,02:03:59,,"02:40:55 (-1)",(-2),
300,"team0887 奶龙小学 个人训练",3,06:31:26,,,,,,01:54:34,,,,03:46:22,00:50:30,
301,"team0707 迷途之子 吉林大学",3,06:43:01,,,,(-2),,,(-1),01:18:09,,03:21:05,"01:23:47 (-2)",
302,"team0111 浙商大3队 浙江工商大学",3,06:44:57,,,,,,,,"02:57:21 (-4)",,00:51:07,01:36:29,
303,"team0262 我真的能拿牌子吗不如睡大觉 东北大学秦皇岛分校",3,06:59:22,,,,,,,,"01:43:20 (-1)",,01:30:52,03:25:10,
304,"team0162 宁波理工3队 浙大宁波理工学院",3,07:09:39,,,,,,,,01:45:46,,04:10:26,01:13:27,
305,"team0811 nbu3 宁波大学",3,07:11:51,,,,,,,,"01:56:47 (-2)",,04:00:40,00:34:24,
306,"team0446 NEU_Team04 东北大学",3,07:13:50,,,,03:07:27,,,,"01:39:25 (-1)",,"01:46:58 (-1)",(-1),
307,"team0910 2026杭电10队 杭州电子科技大学",3,07:14:02,,,,(-1),,(-3),,"01:12:49 (-2)",,"02:30:46 (-2)","01:30:27 (-2)",
308,"team0402 GXU-T4 广西大学",3,07:16:36,(-3),,,,,(-1),,03:10:17,,"02:04:00 (-1)","01:22:19 (-1)",
309,"team0152 ZJNU-4 浙江师范大学",3,07:18:39,,,,01:07:02,,,(-1),"02:44:05 (-1)",,03:07:32,,
310,"team0459 NEU_Team17 东北大学",3,07:23:31,,,,01:59:20,,,,"00:43:37 (-1)",,(-5),"03:00:34 (-4)",
311,"team0745 新建队伍（1） 哈尔滨工业大学（威海）",3,07:27:10,,,,"03:48:52 (-1)",,,,01:51:52,,"01:06:26 (-1)",,
312,"team0431 csu003 中南大学",3,07:28:03,,,,"04:18:56 (-1)",,,,(-8),,"00:43:41 (-1)","01:25:26 (-1)",
313,"team0753 山海寻径 青岛大学",3,07:35:40,,,,,,(-2),,01:27:35,,"04:46:52 (-2)",00:41:13,
314,"team0332 cumt5 中国矿业大学",3,07:43:11,,,,,,,,01:56:14,,"04:11:01 (-2)",00:55:56,
315,"team0595 提姆夫艾无 天津大学",3,07:53:17,,,,(-8),,,,01:48:09,,"03:42:43 (-3)",01:22:25,
316,"team0329 cumt2 中国矿业大学",3,07:54:03,,,,,,,,"01:54:04 (-2)",,04:31:36,00:48:23,
317,"team0399 队名wa2了 广西大学",3,07:55:48,,,,,,,,"01:58:44 (-2)",,04:11:49,01:05:15,
318,"team0002 小弱0网恋遇到女铁T 大连大学",3,07:58:37,,,,,,(-2),,"01:42:31 (-4)",,"02:00:03 (-3)","01:16:03 (-2)",
319,"team0161 宁波理工2队 浙大宁波理工学院",3,08:19:50,,,,,,,,02:50:36,,03:57:12,01:32:02,
320,"team0272 #define_int_long_long 中国地质大学（武汉）",3,08:21:52,,,,04:22:48,,,,"01:52:29 (-4)",,(-3),00:46:35,
321,"team0593 提姆思睿 天津大学",3,08:25:54,,,,04:06:40,,,,"02:30:36 (-1)",,,01:28:38,
322,"team0154 ZJNU-6 浙江师范大学",3,08:26:59,,,,"03:56:07 (-2)",,,,"01:38:25 (-1)",,,01:52:27,
323,"team0179 苏州大学1队 苏州大学",3,08:33:54,,,,(-4),,,,"03:08:28 (-1)",,"02:21:37 (-1)",02:23:49,
324,"team0025 净赚两块二毛二 河南农业大学",3,08:40:33,,,,,,,,02:30:08,,04:06:28,02:03:57,
325,"team0672 scmzu03 中南民族大学",3,08:41:43,,,,,,,,"02:24:31 (-3)",,"03:34:11 (-2)",01:03:01,
326,"team0117 打ACM但是AC不了只剩M 华东师范大学",3,08:43:53,,,(-2),"03:07:42 (-1)",,,(-2),,,01:21:21,03:54:50,
327,"team0496 打铁是你的谎言 北京理工大学",3,08:45:52,,,,00:52:55,,,,"03:51:33 (-4)",,"02:21:24 (-1)",,
328,"team0637 杭州育才6队 杭州育才中学",3,08:54:22,,,,,,,,03:54:26,,"01:08:24 (-1)",03:31:32,
329,"team0020 ZJUT3 浙江工业大学",3,08:56:53,,,,(-3),,,,"01:44:26 (-2)",,"03:32:40 (-2)",02:19:47,
330,"team0741 hziee1 杭州电子科技大学信息工程学院",3,08:57:21,,,,,,,,"04:29:14 (-1)",,02:31:20,01:36:47,
331,"team0132 我也要打杭电多校吗 中国计量大学",3,09:04:46,,,,,,,,"02:45:00 (-1)",,"04:02:09 (-1)",01:37:37,
332,"team0640 杭州育才9队 杭州育才中学",3,09:11:11,,,,(-10),,,,"04:17:33 (-2)",,"01:34:29 (-1)",02:19:09,
333,"team0803 技术三剑客 南开大学",3,09:17:10,,,,"02:09:14 (-1)",,,,"02:16:21 (-1)",,(-2),"03:31:35 (-2)",(-1)
334,"team0654 NJU-T04 南京大学",3,09:17:45,,,,,,,,03:17:24,,"04:13:42 (-1)",01:26:39,
335,"team0940 HKUST(GZ)005 香港科技大学",3,09:17:50,,,,(-4),,,,"03:59:53 (-6)",,"02:17:32 (-1)","00:20:25 (-1)",
336,"team0699 福建师范大学一队 福建师范大学",3,09:25:35,,,,,,,,"03:01:21 (-3)",,"03:39:35 (-2)",01:04:39,
337,"team0489 ecnu06 华东师范大学",3,09:26:56,,,,,,,,03:20:15,,04:01:50,02:04:51,
338,"team0818 nbu10 宁波大学",3,09:27:49,,,,03:15:57,,,,,,01:31:37,04:40:15,
339,"team0464 njupt26t04 南京邮电大学",3,09:29:02,,,,(-3),,(-3),,"00:41:46 (-4)",,"03:48:39 (-4)","01:38:37 (-2)",
340,"team0341 cuc01 中国传媒大学",3,09:31:02,,,,(-5),,,,"02:02:59 (-1)",,"03:20:59 (-2)","02:47:04 (-1)",
341,"team0786 星星之火 鲁东大学",3,09:37:54,,,,,,,,"02:45:42 (-3)",,04:47:49,01:04:23,
342,"team0199 静默铁甲机器人 长春理工大学",3,09:39:06,,,,(-2),,,,"03:49:13 (-4)",,03:23:19,01:06:34,
343,"team0639 杭州育才8队 杭州育才中学",3,09:39:09,,,,,,,,02:50:26,,"01:32:05 (-2)","04:16:38 (-1)",
344,"team0925 fduteam05 复旦大学",3,09:46:55,,,,(-7),,(-2),,"03:17:25 (-2)",,"02:30:53 (-1)",02:58:37,
345,"team0966 nbu12 宁波大学",3,09:48:09,,,,02:35:53,,,,"03:06:15 (-5)",,,"02:06:01 (-1)",
346,"team0671 scmzu02 中南民族大学",3,09:48:39,,,,,,,,"01:26:26 (-1)",,"04:24:59 (-4)","01:57:14 (-1)",
347,"team0358 HNUTEAM07 湖南大学",3,09:52:55,,,,,,,,"03:34:01 (-2)",,02:56:48,02:42:06,
348,"team0809 nbu1 宁波大学",3,09:54:06,"04:51:02 (-1)",,,,,,,"01:35:21 (-5)",,(-4),01:27:43,
349,"team0042 让我们AC吧 台州学院",3,09:58:33,,,,,,(-2),,"03:22:53 (-4)",,03:21:17,01:54:23,
350,"team0440 合肥工业大学166 合肥工业大学",3,10:03:01,,,,,,,,"04:06:56 (-5)",,"03:07:16 (-1)",00:48:49,
351,"team0061 哈吉利哟难买绿豆 四川吉利学院",3,10:06:34,,,,(-1),,,,02:30:47,,"04:03:45 (-3)","01:52:02 (-2)",
352,"team0448 NEU_Team06 东北大学",3,10:11:04,,,,04:49:05,,,,"01:17:05 (-1)",,(-2),03:44:54,
353,"team0692 这是一个队名 长沙理工大学",3,10:12:45,,,,,,,,"01:46:39 (-3)",,02:41:31,"04:04:35 (-2)",
354,"team0333 cumt6 中国矿业大学",3,10:16:00,,,,,,,,"04:11:31 (-5)",,02:13:16,"01:51:13 (-1)",
355,"team0714 菜吉互啄 吉林大学",3,10:19:21,,,,04:51:57,,,,,,03:02:01,02:25:23,
356,"team0169 山水树人 北京林业大学",3,10:20:16,,,,,,,,"01:46:54 (-2)",,"04:33:18 (-1)","02:20:04 (-2)",
357,"team0170 拿牌三条龙 北京林业大学",3,10:20:47,,,,,,,,"03:30:44 (-3)",,"02:09:27 (-1)",03:20:36,
358,"team0041 南蛮入侵 阿坝师范学院",3,10:20:53,,,,04:18:55,,,,"02:54:37 (-5)",,(-2),01:27:21,
359,"team0187 可持久化扫福瑞 中国传媒大学",3,10:20:57,,,,(-1),,,,"02:34:08 (-3)",,03:23:43,03:23:06,
360,"team0234 浙江财经大学2队 浙江财经大学",3,10:21:51,,,,"03:31:33 (-2)",,,,"01:27:20 (-1)",,(-4),04:22:58,
361,"team0454 NEU_Team12 东北大学",3,10:26:13,,,,(-10),,(-3),,"02:10:14 (-3)",,"04:53:05 (-1)",02:02:54,
362,"team0330 cumt3 中国矿业大学",3,10:28:17,,,,(-1),,,,"02:15:49 (-2)",,"03:39:33 (-5)",02:12:55,
363,"team0087 SSL06 东莞市东莞中学松山湖学校",3,10:28:59,,,,,,,03:37:58,"04:31:29 (-1)",,(-5),01:59:32,
364,"team0129 Deepsuck测试队 中国计量大学",3,10:32:27,,,,,,,,"04:02:58 (-5)",,"02:45:05 (-1)","01:24:24 (-1)",
365,"team0158 擢升 华中农业大学",3,10:32:34,,,,,,,,"02:04:23 (-2)",,"04:13:13 (-4)","01:14:58 (-3)",
366,"team0961 ZCMU01 浙江中医药大学",3,10:36:39,,,,04:26:33,,,,02:06:54,,"03:43:12 (-1)",,
367,"team0095 永远别放弃 北京邮电大学",3,10:37:01,,,,(-25),,"04:59:37 (-3)",,"02:17:25 (-4)",,(-4),00:59:59,
368,"team0648 教练也疯狂 温州医科大学",3,10:38:17,,,,,,,,01:47:51,,"02:53:39 (-1)","04:36:47 (-3)",
369,"team0200 明德博学求是创新 长春理工大学",3,10:47:20,,,,,,(-2),,"03:20:43 (-2)",,"04:05:12 (-3)","01:21:25 (-1)",
370,"team0033 无尽能源 山东理工大学",3,10:50:22,,,,,,,,"02:59:02 (-1)",,"04:32:21 (-3)",01:58:59,
371,"team0721 心如止水 吉林大学",3,10:53:42,,,,,,,,"04:50:22 (-1)",,"03:34:22 (-1)",01:48:58,
372,"team0709 时代码戏团 吉林大学",3,10:55:23,,,,"04:25:34 (-1)",,,,"01:47:20 (-2)",,,"02:22:29 (-4)",
373,"team0021 ZJUT4 浙江工业大学",3,11:03:19,,,,,,,,"03:12:04 (-4)",,"04:32:47 (-3)",00:58:28,
374,"team0099 重生之忘带前世记忆打acm 北京邮电大学",3,11:06:37,,,,,,,,"02:14:00 (-2)",,"04:25:15 (-6)",01:47:22,
375,"team0098 超时空代码姬 北京邮电大学",3,11:08:17,,,,,,,,01:05:22,,"04:50:00 (-6)",03:12:55,
376,"team0733 南昌理工学院1队 南昌理工学院",3,11:08:48,,,,,,,,"02:46:16 (-5)",,"03:44:17 (-7)",00:38:15,
377,"team0436 zafu2 浙江农林大学",3,11:11:58,,,,,,,,02:03:13,,04:30:44,"03:58:01 (-2)",
378,"team0449 NEU_Team07 东北大学",3,11:14:05,,,,04:31:27,,,,"02:25:22 (-2)",,(-15),"02:57:16 (-2)",
379,"team0468 njupt26t08 南京邮电大学",3,11:15:19,,,,"04:39:28 (-2)",,,,03:57:47,,01:58:04,(-4),
380,"team0037 我们真的能骗到报销吗 安徽大学",3,11:16:13,,,,"04:39:22 (-2)",,,,"02:26:09 (-2)",,(-7),02:50:42,
381,"team0583 UESTC-3队 电子科技大学",3,11:23:30,,,,03:36:40,,,,"03:43:25 (-3)",,"02:43:25 (-1)",(-4),
382,"team0076 中航大4队 中国民航大学",3,11:24:37,,,,,,,,"04:30:00 (-2)",,02:49:35,03:25:02,
383,"team0378 青科二队 青岛科技大学",3,11:25:55,,,,,,,,"04:10:22 (-3)",,"03:04:20 (-1)",02:51:13,
384,"team0073 中航大1队 中国民航大学",3,11:29:22,,,,(-1),,,,02:20:21,,"04:45:31 (-2)",03:43:30,
385,"team0372 雪月花 南昌大学",3,11:31:17,,,,"04:13:08 (-1)",,,,"01:34:23 (-1)",,"02:23:46 (-8)",(-2),
386,"team0719 前有绝景 吉林大学",3,11:33:11,,,,(-2),,,,"04:15:45 (-6)",,"03:10:06 (-1)",01:47:20,
387,"team0713 我也要AC吗 吉林大学",3,11:35:50,,,,04:22:54,,(-3),,"03:43:47 (-3)",,"02:09:09 (-1)",(-2),
388,"team0106 鹰号 山东科技大学",3,11:37:19,,,,,,,"04:59:21 (-1)","02:11:46 (-4)",,,02:46:12,
389,"team0820 超时喵限 大连海事大学",3,11:38:48,,,,,,,,"01:26:09 (-2)",,"03:46:27 (-6)",03:46:12,
390,"team0064 WMU-1 温州医科大学",3,11:41:12,,,,"03:35:41 (-1)",,,,"02:26:57 (-2)",,"03:18:34 (-4)",,
391,"team0235 浙江财经大学3队 浙江财经大学",3,11:48:20,,,(-2),,,,04:08:16,"02:59:40 (-4)",,,03:20:24,
392,"team0579 YWZX09 义乌中学",3,11:48:20,,,,"04:06:19 (-3)",,,,"02:31:42 (-4)",,(-1),02:50:19,
393,"team0474 njupt26t14 南京邮电大学",3,11:49:43,,,,,,,,"03:33:33 (-3)",,04:42:47,02:33:23,
394,"team0352 HNUTEAM01 湖南大学",3,11:53:04,,(-4),,04:57:51,,(-5),,03:06:43,,(-9),03:48:30,(-4)
395,"team0855 ZJNU-7 浙江师范大学",3,11:57:16,,,,"04:20:33 (-4)",,(-3),,"02:26:33 (-3)",,(-2),"02:30:10 (-1)",
396,"team0465 njupt26t05 南京邮电大学",3,12:01:22,,,,,,,,"02:12:05 (-4)",,"04:34:22 (-4)",02:34:55,
397,"team0182 苏州大学4队 苏州大学",3,12:17:48,,,,04:08:32,,,,,,04:17:33,"03:11:43 (-2)",
398,"team0032 夜航星 山东理工大学",3,12:20:07,,,,(-5),,,,"03:15:15 (-1)",,"03:54:23 (-9)","01:30:29 (-1)",
399,"team0344 点击输入队名 河南工业大学",3,12:21:50,,,,"04:14:48 (-4)",,,,"03:04:41 (-6)",,01:42:21,,
400,"team0452 NEU_Team10 东北大学",3,12:23:46,,,(-1),,,,,"01:41:03 (-4)",,"04:33:49 (-9)",01:48:54,
401,"team0432 csu004 中南大学",3,12:24:18,,,,(-26),,(-1),,"01:38:45 (-2)",,"03:52:09 (-9)","02:53:24 (-1)",
402,"team0180 苏州大学2队 苏州大学",3,12:27:57,,,,,,,,"03:17:18 (-6)",,"04:21:01 (-3)",01:49:38,
403,"team0988 *** 西南科技大学",3,12:42:46,,,,,,,(-1),"04:19:57 (-6)",,02:57:53,03:24:56,
404,"team0453 NEU_Team11 东北大学",3,12:43:17,(-2),,,,,(-1),,"03:09:06 (-14)",,"03:08:42 (-1)","01:05:29 (-1)",
405,"team0899 厦大七队 厦门大学",3,12:44:15,,,,(-1),,,,"04:48:36 (-14)",,02:07:24,"00:48:15 (-1)",
406,"team0430 csu002 中南大学",3,12:50:54,,,,,,,,"02:44:40 (-6)",,"04:21:13 (-5)","01:25:01 (-2)",
407,"team0752 无意义队名 个人训练",3,12:52:43,,,,,,,,03:30:25,,"04:54:58 (-4)","02:47:20 (-1)",
408,"team0131 西红柿炒番茄 中国计量大学",3,13:01:25,,,,,,,,"04:43:56 (-3)",,"04:57:27 (-1)",02:00:02,
409,"team0964 jcsteam 济宁孔子学校",3,13:02:58,,,,"04:28:58 (-7)",,,,"01:55:33 (-2)",,(-12),"02:38:27 (-3)",
410,"team0225 南大软院1队 南昌大学",3,13:03:14,,,,,,,,"03:56:26 (-2)",,04:51:15,"03:15:33 (-1)",
411,"team0022 ZJUT5 浙江工业大学",3,13:08:12,,,,,,,"03:01:04 (-1)","04:30:23 (-6)",,,03:16:45,
412,"team0411 CUIT08 成都信息工程大学",3,13:26:32,,,,,,,04:36:16,"02:48:17 (-10)",,(-5),"01:41:59 (-3)",
413,"team0120 XJU新生二队 新疆大学",3,13:44:39,,,,,,,"03:41:31 (-1)","03:32:34 (-6)",,04:10:34,(-6),
414,"team0847 北化6队 北京化工大学",3,13:49:18,,,,,,,,"04:36:19 (-7)",,01:29:58,"02:23:01 (-9)",
415,"team0373 再交一次就AC 南昌大学",3,14:01:43,,,,,,,,"04:37:08 (-2)",,03:56:11,04:48:24,
416,"team0349 彩虹猫猫头 南京理工大学",3,14:06:10,,,,04:35:36,,(-3),,"03:46:00 (-6)",,"03:24:34 (-1)",(-3),
417,"team0047 组一辈子乐队 天津工业大学",3,14:24:57,,,,,,04:03:58,,04:30:25,,,"04:30:34 (-4)",
418,"team0168 符文编译法则 北京林业大学",3,14:32:29,,,,,,,,"04:12:08 (-7)",,"04:56:05 (-4)",01:44:16,
419,"team0193 刻板印象 湖南师范大学",3,14:41:00,,,,04:40:27,,,,"04:07:57 (-3)",,"03:12:36 (-5)",(-3),
420,"team0245 NUIST_禁忌魔典 南京信息工程大学",3,14:45:51,,,,,,,,"03:40:21 (-7)",,04:50:18,"02:55:12 (-3)",
421,"team0718 随缘AC 吉林大学",3,14:53:05,(-1),,,,,,,"04:42:28 (-7)",,"03:51:46 (-1)",03:38:51,
422,"team0172 藍二橋 重庆邮电大学",3,14:55:38,,,,,,,04:55:11,"04:43:18 (-5)",,(-1),"02:57:09 (-2)",
423,"team0058 三条区花两天想一个队名结果输出〇个字 安徽大学",3,15:00:17,,,,,,,,"02:34:17 (-5)",,"04:26:13 (-3)","04:59:47 (-1)",
424,"team0736 南昌理工学院4队 南昌理工学院",3,15:08:07,,(-1),,,,,,"04:39:46 (-9)",,"02:54:27 (-1)",04:13:54,
425,"team0236 浙江财经大学4队 浙江财经大学",3,15:09:33,,,,,,,,"03:38:10 (-2)",,"04:57:48 (-4)","03:53:35 (-2)",
426,"team0879 NUAA07 南京航空航天大学",3,15:44:30,,,,,,,,"03:26:27 (-11)",,"04:26:07 (-1)","02:31:56 (-4)",
427,"team0469 njupt26t09 南京邮电大学",3,16:30:21,,,,(-1),,,,"04:00:04 (-16)",,"03:24:11 (-1)",03:26:06,
428,"team0280 我也要写大模拟这对吗 南京理工大学",3,18:56:25,,,,,,(-3),,"04:34:09 (-2)",,"04:10:27 (-11)","04:11:49 (-5)",
429,"team0125 绍大一队 绍兴大学",2,01:49:59,,,,,,,,01:19:26,,,00:30:33,
430,"team0093 疑似mygo 北京邮电大学",2,02:30:50,,,,(-6),,,,"01:10:40 (-1)",,(-5),01:00:10,
431,"team0374 Loschen 南昌大学",2,02:43:28,,,,(-6),,(-1),,"01:43:16 (-1)",,(-3),00:40:12,
432,"team0528 绍一3队 绍兴市第一中学",2,02:51:34,,,,,,,,01:55:49,,00:55:45,,
433,"team0835 Dango 河南农业大学",2,02:57:38,,,,,,,,"01:49:02 (-1)",,,00:48:36,
434,"team0842 北化1队 北京化工大学",2,03:00:13,,,,,,(-1),,01:45:52,,(-5),01:14:21,
435,"team0675 这个真好吃nya 浙江科技大学",2,03:19:04,,,,(-2),,,,"01:36:40 (-1)",,(-1),"01:02:24 (-1)",
436,"team0282 绝对暴力 南京邮电大学通达学院",2,03:24:43,,,,,,,,,,01:45:02,01:39:41,
437,"team0723 教练说不拿金牌就延毕 云南大学",2,03:41:43,,,,,,,,,,02:15:05,01:26:38,
438,"team0944 HKUST(GZ)009 香港科技大学",2,03:52:55,,,,,,,,(-5),,03:10:20,00:42:35,
439,"team0189 不对也队 中国传媒大学",2,03:55:16,,,,,,,,"01:33:44 (-1)",,(-8),02:01:32,
440,"team0040 LHW 山东大学",2,04:05:31,,,,,,(-2),,02:44:50,,,01:20:41,
441,"team0261 曼波大战哈姆莱特 东北大学秦皇岛分校",2,04:16:45,,,,,,,,"02:30:00 (-2)",,(-3),"00:46:45 (-1)",
442,"team0350 SSL08 东莞市东莞中学松山湖学校",2,04:17:04,,,,,,,,"02:26:59 (-1)",,(-2),01:30:05,
443,"team0455 NEU_Team13 东北大学",2,04:23:51,,,,(-3),,,,"02:32:35 (-3)",,(-5),00:51:16,
444,"team0883 NUAA11 南京航空航天大学",2,04:29:21,,,,,,,,"02:42:39 (-1)",,,01:26:42,
445,"team0030 EOF 山东理工大学",2,04:32:36,,,,(-9),,(-1),,"02:39:20 (-2)",,(-3),01:13:16,
446,"team0965 nbu11 宁波大学",2,04:33:40,,,,,,,,,,02:40:18,01:53:22,
447,"team0838 dyh 江西理工大学",2,04:35:00,,,,,,,,"02:55:38 (-2)",,,00:59:22,
448,"team0466 njupt26t06 南京邮电大学",2,04:35:18,,,,,,,,"02:37:09 (-1)",,,01:38:09,
449,"team0711 没想好叫什么 吉林大学",2,04:36:07,,,,,,(-1),,"03:08:00 (-1)",,(-2),01:08:07,
450,"team0882 NUAA10 南京航空航天大学",2,04:47:59,,,,,,,,"01:41:20 (-1)",,,02:46:39,
451,"team0948 DC三虾米 绵阳东辰学校",2,04:51:11,,,,,,,(-1),"02:04:30 (-3)",,01:46:41,(-5),
452,"team0834 吉伊卡哇 河南农业大学",2,04:56:46,,,(-2),,,,,"02:25:41 (-3)",,,01:31:05,
453,"team0208 湘潭大学3队 湘潭大学",2,05:05:39,,,,,,,,01:11:06,,(-6),"03:34:33 (-1)",
454,"team0086 SSL05 东莞市东莞中学松山湖学校",2,05:11:13,(-3),,,(-2),,,,02:54:48,,(-4),02:16:25,
455,"team0467 njupt26t07 南京邮电大学",2,05:12:27,,,,,,(-2),,04:00:18,,,01:12:09,
456,"team0029 此队伍未通过人机验证 广东东软学院",2,05:13:09,,,,"03:06:09 (-2)",,,,(-15),,"01:07:00 (-1)",,
457,"team0679 哦齁齁齁 浙江科技大学",2,05:13:20,,,,,,,,03:22:34,,,01:50:46,
458,"team0457 NEU_Team15 东北大学",2,05:23:52,,,,,,,,"02:37:58 (-2)",,(-1),02:05:54,
459,"team0205 我爱玩迷你世界 东华理工大学",2,05:27:29,,,,,,,,"02:16:58 (-4)",,(-3),01:50:31,
460,"team0260 傲娇白毛萝莉 东北大学秦皇岛分校",2,05:30:20,,,,,,(-8),,"02:20:11 (-1)",,(-4),"02:30:09 (-1)",
461,"team0909 2026杭电9队 杭州电子科技大学",2,05:36:31,,,,,,(-5),,"01:47:38 (-2)",,"02:48:53 (-1)",,
462,"team0482 njupt26t22 南京邮电大学",2,05:41:44,(-1),,,,,,,"03:17:15 (-1)",,(-2),"01:44:29 (-1)",
463,"team0057 下水道疏通半小时上门 宁波财经学院",2,05:42:04,,,,,,,,"02:51:29 (-3)",,01:50:35,,
464,"team0732 两个摆子也能打ACM吗 重庆大学",2,05:42:55,,,,,,,,,,03:04:07,"02:18:48 (-1)",
465,"team0166 BFBOYS 北京林业大学",2,05:47:41,(-1),,,,,(-5),,"01:55:00 (-4)",,(-5),02:32:41,
466,"team0188 奶界最忧郁之龙 中国传媒大学",2,06:07:30,,,,,,(-3),,02:41:37,,(-3),03:25:53,
467,"team0195 猪璧联合 佛山大学",2,06:12:32,,,,(-3),,,,"03:21:27 (-2)",,,02:11:05,
468,"team0401 GXU-T3 广西大学",2,06:18:39,,,,,,,,"03:28:47 (-5)",,,01:09:52,
469,"team0130 咕咕嘎嘎遇不到学姐 中国计量大学",2,06:21:39,,,,,,,,"03:03:16 (-5)",,(-3),"01:18:23 (-1)",
470,"team0351 SSL09 东莞市东莞中学松山湖学校",2,06:21:41,,,,(-1),,,,(-4),,"04:57:08 (-2)",00:44:33,
471,"team0043 声声man 台州学院",2,06:22:52,,,,,,(-1),,03:52:53,,02:29:59,(-11),
472,"team0866 SHU04 上海大学",2,06:25:32,,,,,,,,"01:22:53 (-1)",,"04:02:39 (-2)",(-6),
473,"team0185 嗷呜呜呜 中国传媒大学",2,06:26:45,,,,,,,,03:37:21,,(-1),02:49:24,
474,"team0663 NJU-T13 南京大学",2,06:35:20,,,,,,,,"02:28:41 (-1)",,"03:06:39 (-2)",,
475,"team0412 徐州工程学院一队 徐州工程学院",2,06:36:44,,,,,,,,"02:02:07 (-1)",,04:14:37,(-1),
476,"team0024 ZJUT7 浙江工业大学",2,06:36:55,,,,,,,,"03:06:29 (-6)",,(-4),01:30:26,
477,"team0019 ZJUT2 浙江工业大学",2,06:38:59,,,,,,,,"01:44:04 (-3)",,03:54:55,(-2),
478,"team0078 中航大6队 中国民航大学",2,06:42:48,,,,(-3),,,,03:20:48,,03:22:00,(-1),
479,"team0274 Just_for_fun 中国地质大学（武汉）",2,06:46:03,,,,,,,,(-8),,03:47:57,"01:58:06 (-3)",
480,"team0388 丽水学院5 丽水学院",2,06:48:30,,,,,,,,04:36:26,,,02:12:04,
481,"team0754 deepsleep 上海师范大学",2,06:51:55,,,,,,,,02:49:51,,04:02:04,(-2),
482,"team0420 HZCU06 浙大城市学院",2,06:53:14,,,,,,,,03:02:25,,(-2),"03:30:49 (-1)",
483,"team0933 Designant 成都锦城学院",2,06:57:26,,,,,,,,03:06:36,,,03:50:50,
484,"team0104 丽水学院3 丽水学院",2,06:58:31,,,,,,,,04:13:58,(-2),(-2),02:44:33,
485,"team0257 男人一生只wa十八次 中国地质大学（北京）",2,07:04:39,,,,,,,,,,03:16:50,"03:27:49 (-1)",
486,"team0755 请输入文本 北京邮电大学",2,07:06:36,,,,,,,,"02:32:14 (-2)",,,03:54:22,
487,"team0812 nbu4 宁波大学",2,07:16:15,(-2),,,,,,,,,"03:20:01 (-1)","03:16:14 (-1)",
488,"team0487 ecnu04 华东师范大学",2,07:30:45,,,,,,,,"02:33:21 (-2)",,"03:57:24 (-1)",,
489,"team0739 南昌理工学院7队 南昌理工学院",2,07:34:34,,,,,,,04:37:18,(-5),,02:57:16,(-3),
490,"team0492 只有样例全队 北京理工大学",2,07:35:56,,,,,,,,"03:48:52 (-6)",,(-1),01:47:04,
491,"team0486 ecnu03 华东师范大学",2,07:36:08,,,,,,,,,,04:56:10,02:39:58,
492,"team0115 哎哎我告诉你个秘密哎 华东师范大学",2,07:40:18,,,,,,,,"04:15:25 (-4)",,(-4),02:04:53,
493,"team0852 zafu7 浙江农林大学",2,07:41:24,,,,,,(-1),,(-7),,04:42:37,02:58:47,
494,"team0960 加油努力 东华理工大学",2,07:41:45,,,,,,,,(-2),,"02:44:09 (-3)",03:57:36,
495,"team0081 涉大一队 湖南涉外经济学院",2,07:42:10,,,,,,,,"02:32:27 (-3)",,"03:49:43 (-1)",,
496,"team0734 南昌理工学院2队 南昌理工学院",2,07:42:21,,,,,,(-1),,01:49:53,,,"04:52:28 (-3)",
497,"team0832 htu001 河南师范大学",2,07:43:20,,,,,,,,"02:40:29 (-1)",,(-2),04:42:51,
498,"team0159 拿到属于我们的一切 山东财经大学",2,07:45:59,,,,,,,,"03:25:04 (-1)",,(-2),"03:40:55 (-1)",
499,"team0527 绍一2队 绍兴市第一中学",2,07:46:18,"03:25:49 (-2)",,,,,,,"03:00:29 (-2)",,(-2),(-6),
500,"team0720 告白氧球 吉林大学",2,07:47:47,,,,,,,,,,"04:04:30 (-6)",01:43:17,
501,"team0237 NUIST_铁甲战士 南京信息工程大学",2,07:47:49,,,,,,,,(-4),,04:17:48,03:30:01,
502,"team0339 意如计网1队 中国传媒大学",2,07:52:51,,,,,,,,03:25:07,,(-2),04:27:44,
503,"team0815 nbu7 宁波大学",2,08:01:13,,,,(-4),,,,"03:46:33 (-4)",,,"02:14:40 (-2)",
504,"team0673 scmzu04 中南民族大学",2,08:04:26,,,,,,,,,,"04:31:51 (-4)",02:12:35,
505,"team0045 #include<队友的脑子> 天津工业大学",2,08:04:52,,,,,,,,,,03:16:29,"04:28:23 (-1)",
506,"team0437 zafu3 浙江农林大学",2,08:05:50,(-7),,,,,(-2),,"04:06:37 (-4)",,02:39:13,,
507,"team0856 粑粑超人 沈阳理工大学",2,08:09:45,,,,,,,,"01:34:08 (-4)",,"03:55:37 (-4)",,
508,"team0049 赶紧起个神秘队名 天津工业大学",2,08:11:40,,,,,,,,"03:23:50 (-2)",,(-8),04:07:50,
509,"team0328 cumt1 中国矿业大学",2,08:12:30,,,,,,,,"02:21:07 (-6)",,03:51:23,,
510,"team0846 北化5队 北京化工大学",2,08:13:26,,,,,,,,,,"02:37:59 (-2)",04:55:27,
511,"team0165 菜园1队 湖南财政经济学院",2,08:14:37,,,,,,,,"02:41:05 (-1)",,(-3),"04:13:32 (-3)",
512,"team0715 编C++编的 吉林大学",2,08:15:42,,,,,,,,"03:35:02 (-1)",,,04:20:40,
513,"team0314 华附9队 华南师范大学附属中学",2,08:21:02,,(-3),,,,,,,,04:38:25,03:42:37,
514,"team0198 雷神天明闪 长春理工大学",2,08:21:12,,,,,,(-3),,"03:53:01 (-11)",,(-1),00:48:11,
515,"team0708 抉择，抉择 吉林大学",2,08:24:13,,,,,,"02:44:16 (-3)",,"03:19:57 (-4)",,(-2),,
516,"team0167 不知道啊样例明明过了 北京林业大学",2,08:24:15,,,,,,,,(-2),,03:25:04,04:59:11,
517,"team0689 njusz04 南京大学苏州校区",2,08:24:33,,,,04:56:37,,,,03:27:56,,,,
518,"team0310 华附5队 华南师范大学附属中学",2,08:24:49,,,,"04:56:02 (-3)",,,,,,,"02:08:47 (-1)",
519,"team0046 SolarFlare 天津工业大学",2,08:28:23,,,,,,,,,,04:09:06,04:19:17,
520,"team0400 GXU-T2 广西大学",2,08:31:21,,,,,,,,"03:27:17 (-1)",,,04:44:04,
521,"team0392 HNUCM-Team3 湖南中医药大学",2,08:38:05,,(-1),,,,,,"04:48:02 (-3)",,,"02:30:03 (-1)",
522,"team0724 '/u200e' 云南大学",2,08:47:06,,,,,,,,"03:22:26 (-1)",,"04:24:40 (-2)",,
523,"team0384 小清华也是清华 南阳理工学院",2,08:48:04,,,,,,,,03:15:39,,,"04:52:25 (-2)",
524,"team0869 SHU07 上海大学",2,08:53:35,,,,"04:15:07 (-2)",,(-1),,,,"03:38:28 (-1)",,
525,"team0594 提姆佛奥 天津大学",2,09:00:41,,,,,,,,"04:30:52 (-4)",,03:09:49,,
526,"team0911 2026杭电11队 杭州电子科技大学",2,09:03:14,,,,(-1),,,,"02:14:07 (-2)",,"04:29:07 (-5)",(-3),
527,"team0416 HZCU02 浙大城市学院",2,09:04:08,,,,(-5),,,,02:24:21,,,"04:59:47 (-5)",
528,"team0892 零基础老登10086队 东华理工大学",2,09:07:10,,,,,,,,"02:51:12 (-3)",,"04:35:58 (-2)",(-3),
529,"team0112 今晚吃什么 华东师范大学",2,09:12:12,,,,,,,,"03:44:21 (-2)",,04:47:51,,
530,"team0994 nbu14 宁波大学",2,09:25:32,,,,,,,,"03:37:15 (-7)",,,03:28:17,
531,"team0026 非遗传承人 东北林业大学",2,09:33:07,,,,(-1),,(-2),,"04:02:14 (-1)",,"03:50:53 (-4)",,
532,"team0249 贪吃猫猫头 南京理工大学",2,09:36:56,,,,,,,,"04:13:39 (-9)",,"02:03:17 (-1)",,
533,"team0967 nbu13 宁波大学",2,09:38:08,,,,,,,,"03:17:50 (-14)",,,01:40:18,
534,"team0011 一笑了之 宁夏大学",2,09:55:47,,,,,,(-2),,"02:19:55 (-2)",,,"04:55:52 (-6)",
535,"team0864 SHU02 上海大学",2,10:00:20,,,,,,,,"04:35:16 (-6)",,(-1),"02:05:04 (-4)",
536,"team0848 北化7队 北京化工大学",2,10:05:26,,(-1),,,,,,,,04:50:50,"03:34:36 (-5)",
537,"team0406 CUIT03 成都信息工程大学",2,10:08:12,,,,,,,,"04:08:09 (-6)",,(-1),04:00:03,
538,"team0066 南苑一队 河南工程学院",2,10:08:58,,,,,,,,,,"04:57:39 (-1)",04:51:19,
539,"team0279 经验加三 中国地质大学（武汉）",2,10:14:32,,,,,,,,"04:30:24 (-10)",,,"02:04:08 (-1)",
540,"team0480 njupt26t20 南京邮电大学",2,10:16:44,(-3),,,,,(-1),,,,"04:32:08 (-6)",03:44:36,
541,"team0898 厦大六队 厦门大学",2,10:24:34,,,,03:52:17,,,,"02:52:17 (-11)",,(-3),,
542,"team0849 今日不卡题 华南农业大学",2,10:25:39,,,,,,,,"03:47:56 (-7)",,,"02:57:43 (-4)",
543,"team0291 北方工业大学2队 北方工业大学",2,10:57:19,,,,,,,,"04:58:25 (-7)",,(-2),03:38:54,
544,"team0254 榜多力：一次埋够!!!!! 中国地质大学（北京）",2,10:58:57,,,,,,,,04:52:16,,"04:26:41 (-5)",(-3),
545,"team0439 zafu5 浙江农林大学",2,11:06:32,,,,,,,,"03:06:51 (-1)",,"04:19:41 (-10)",(-4),
546,"team0157 凭什么遗憾留给我 华中农业大学",2,11:11:58,,,,,,,,"01:58:18 (-3)",,(-15),"03:53:40 (-13)",
547,"team0471 njupt26t11 南京邮电大学",2,11:16:58,,,,,,,,"02:18:47 (-9)",,"04:18:11 (-5)",(-1),
548,"team0700 无双 南京理工大学",2,13:30:38,,,,,,,,"04:43:56 (-13)",,(-2),04:26:42,
549,"team0751 成都大学1队 成都大学",2,13:32:04,,,,,,,,"04:01:41 (-9)",,"04:30:23 (-6)",,
550,"team0269 hpu1 河南理工大学",2,13:48:14,,,,,,,,"03:42:51 (-14)",,"04:45:23 (-2)",,
551,"team0398 不抛弃不放弃【花】【花】【花】 华中农业大学",2,16:19:48,,,,,,,,"03:25:34 (-22)",,,"03:54:14 (-5)",
552,"team0476 njupt26t16 南京邮电大学",1,00:33:13,,,,,,,,,,,00:33:13,
553,"team0390 HNUCM-Team1 湖南中医药大学",1,00:39:08,,,,,,,,(-1),,(-6),00:39:08,
554,"team0317 华附12队 华南师范大学附属中学",1,00:40:15,,,,,,,,,,"00:20:15 (-1)",,
555,"team0213 HITS003 哈尔滨工业大学",1,00:40:31,,,,,,,,,,,00:40:31,
556,"team0860 NJU-T19 南京大学",1,00:43:49,,,,,,,,,,00:43:49,,
557,"team0176 湖州师大3队 湖州师范大学",1,00:48:14,,,,,,,,,,,00:48:14,
558,"team0293 BHU-T1 北华大学",1,01:01:24,,,,,,,,,,,01:01:24,
559,"team0253 马嘉炮的祺友 南京农业大学",1,01:03:08,,,,,,,,(-3),,,01:03:08,
560,"team0853 zafu8 浙江农林大学",1,01:10:00,,,,,,,,(-6),,(-2),01:10:00,
561,"team0414 庐州月光洒在心上 安徽农业大学",1,01:12:54,,,,,,,,,,,01:12:54,
562,"team0275 不时轻声地以AC遮羞的邻座的爱音同学 中国地质大学（武汉）",1,01:13:11,,,,,,,,01:13:11,,,,
563,"team0355 HNUTEAM04 湖南大学",1,01:15:32,,,,,,,,(-5),,,01:15:32,
564,"team0871 SHU09 上海大学",1,01:18:42,,,,,,,,(-3),,01:18:42,(-10),
565,"team0247 But_one_day 西安理工大学",1,01:21:03,,,,(-3),,,,(-2),,01:21:03,,
566,"team0680 言语人类懂不看 浙江科技大学",1,01:22:15,,,,,,,,(-2),,,01:22:15,
567,"team0369 CDNU-1 成都师范学院",1,01:31:12,,,,,,,,,,01:31:12,,
568,"team0241 NUIST_故障机器人 南京信息工程大学",1,01:32:59,,,,,,,,,,,01:32:59,
569,"team0156 C6H8O6 长春理工大学",1,01:40:12,,,,,,,,,,,01:40:12,
570,"team0052 达妮娅舞步旋 南京农业大学",1,01:44:27,,,,,,,,,,,01:44:27,
571,"team0023 ZJUT6 浙江工业大学",1,01:47:06,,,,,,,,01:47:06,,(-4),,
572,"team0456 NEU_Team14 东北大学",1,01:49:17,(-3),,01:49:17,(-1),,,,(-8),,,(-3),
573,"team0035 暴力能解绝不优化 东北师范大学",1,01:49:51,,,,,,,,"00:49:51 (-3)",,(-3),(-2),
574,"team0577 YWZX07 义乌中学",1,01:56:53,,,,(-1),,,,"01:36:53 (-1)",,,,
575,"team0638 杭州育才7队 杭州育才中学",1,02:00:53,,,,,,,,"01:20:53 (-2)",,(-2),,
576,"team0992 再不给AC我们就上AI了 北师香港浸会大学",1,02:05:02,,,,,,,,"01:25:02 (-2)",,,,
577,"team0393 罚时 湖南农业大学",1,02:06:55,,,,,,,,02:06:55,,(-2),,
578,"team0074 中航大2队 中国民航大学",1,02:07:52,,,,(-6),,,,"01:27:52 (-2)",,(-2),(-5),
579,"team0359 HNUTEAM08 湖南大学",1,02:08:31,,(-1),,,,,,02:08:31,,,(-3),
580,"team0490 开心超人队 重庆第二师范学院",1,02:10:05,,,,,,,,(-1),,(-2),02:10:05,
581,"team0013 取名好难 广东工业大学",1,02:10:14,,,,,,,,02:10:14,,,,
582,"team0379 她会回来吗 南阳理工学院",1,02:13:12,,,,,,,,"01:53:12 (-1)",,(-4),,
583,"team0068 南苑三队 河南工程学院",1,02:14:11,,,,,,,,,,,02:14:11,
584,"team0228 南大软院4队 南昌大学",1,02:18:48,,,,,,,,02:18:48,,,,(-1)
585,"team0850 拼多多 大连海事大学",1,02:23:12,,,,,,,,,,,02:23:12,
586,"team0001 逐花归海 上海工程技术大学",1,02:28:18,,,,,,,,,,,02:28:18,
587,"team0868 SHU06 上海大学",1,02:28:27,,,,,,,,,,(-3),"02:08:27 (-1)",
588,"team0485 ecnu02 华东师范大学",1,02:34:27,,,,(-3),,,,(-2),,,"02:14:27 (-1)",
589,"team0824 古法编程非遗传承人 华中科技大学",1,02:37:04,,,,,,,,,,,"02:17:04 (-1)",
590,"team0134 选择困难症 西南财经大学",1,02:37:50,,,,,,,,"01:57:50 (-2)",,(-3),,
591,"team0596 提姆思诶可思 天津大学",1,02:38:08,,,,,,,,(-8),,,02:38:08,
592,"team0947 BurgerKing队 绵阳东辰学校",1,02:39:10,,,,,,,,"01:59:10 (-2)",,,(-3),
593,"team0191 四队 中国传媒大学",1,02:41:43,,,,,,,,02:41:43,,(-4),,
594,"team0100 ClosedClaw 北京邮电大学",1,02:43:43,,,,,,,,"02:23:43 (-1)",,(-1),,
595,"team0067 南苑二队 河南工程学院",1,02:48:40,,,,,,,,,,,02:48:40,
596,"team0044 “代码对不”队 天津工业大学",1,02:50:00,,,,,,,,,,,02:50:00,
597,"team0207 湘潭大学2队 湘潭大学",1,02:51:51,,,,,,,,"02:31:51 (-1)",,(-5),,
598,"team0246 NUIST_偏差认知 南京信息工程大学",1,02:56:05,,,,,,,,,,,02:56:05,
599,"team0413 徐州工程学院二队 徐州工程学院",1,02:56:45,(-3),,,02:56:45,,,,,,(-1),,
600,"team0890 你愿意陪我去看海吗 河北科技师范学院",1,02:57:52,,,,,,,,,,,"02:37:52 (-1)",
601,"team0397 SUSE-TOTOP 四川轻化工大学",1,02:58:13,,,,,,,,,,,"02:38:13 (-1)",
602,"team0305 河工二队 河南工程学院",1,02:59:38,,,,,,,,,,02:59:38,,
603,"team0478 njupt26t18 南京邮电大学",1,03:06:57,,,,,,,,03:06:57,,,(-10),
604,"team0377 青科一队 青岛科技大学",1,03:06:58,,,,,,,,"02:26:58 (-2)",,(-3),(-1),
605,"team0913 2026杭电13队 杭州电子科技大学",1,03:07:20,,,,,,,,"02:27:20 (-2)",,,(-6),
606,"team0417 HZCU03 浙大城市学院",1,03:11:20,,,,,,(-1),,"02:31:20 (-2)",,,,
607,"team0140 zfc2队 浙江金融职业学院",1,03:13:07,,,,,,,,03:13:07,,(-1),,
608,"team0677 我们是最棒的小羊 浙江科技大学",1,03:14:01,,,,,,,,,,,03:14:01,
609,"team0421 HZCU07 浙大城市学院",1,03:14:11,,,,,,,,03:14:11,,,,
610,"team0105 兰树号 山东科技大学",1,03:19:02,,,,,,,,(-9),,,"02:59:02 (-1)",
611,"team0299 鸟之诗 成都理工大学",1,03:20:05,,,,,,,,"02:40:05 (-2)",,,,
612,"team0716 一键通过 吉林大学",1,03:20:25,,,,,,,,,,"03:00:25 (-1)",(-1),
613,"team0419 HZCU05 浙大城市学院",1,03:22:06,,,,,,,,03:22:06,,(-1),,
614,"team0676 我也要AK吗 浙江科技大学",1,03:22:26,,,,,,,,03:22:26,,(-2),(-3),
615,"team0342 华侨大学境外生队 华侨大学",1,03:22:43,,,,,,(-3),,,,,"02:22:43 (-3)",
616,"team0340 意如计网2队 中国传媒大学",1,03:23:40,,,,,,,,,,,"02:43:40 (-2)",
617,"team0447 NEU_Team05 东北大学",1,03:34:28,,,,,,,,"02:54:28 (-2)",,,(-6),
618,"team0069 南苑四队 河南工程学院",1,03:38:34,(-1),(-1),(-1),,(-1),,,(-1),,,"03:18:34 (-1)",(-1)
619,"team0946 DC1队 绵阳东辰学校",1,03:38:47,,,,(-7),,(-1),,"02:58:47 (-2)",,,,
620,"team0318 华附13队 华南师范大学附属中学",1,03:39:28,,,,,,,,03:39:28,,,,
621,"team0722 坐标轴 吉林大学",1,03:39:41,,,,,,,,,,"03:19:41 (-1)",,
622,"team0139 zfc1队 浙江金融职业学院",1,03:39:53,,,,,,,,03:39:53,,,,
623,"team0027 超级地球真理部 苏州工学院",1,03:39:55,,,,,,,,"03:19:55 (-1)",,,(-3),
624,"team0683 逐码寻途 浙江科技大学",1,03:40:20,,,,,,,,03:40:20,,,,
625,"team0674 scmzu05 中南民族大学",1,03:42:03,,,,,,,,,,,03:42:03,
626,"team0302 某科学的一方通行 成都理工大学",1,03:43:00,,,,,,,,,,,03:43:00,
627,"team0995 山河15队 山河大学",1,03:43:52,,,,,,,,03:43:52,,,,
628,"team0870 SHU08 上海大学",1,03:43:57,,,,,,,,,,,03:43:57,
629,"team0271 hpu3 河南理工大学",1,03:44:50,,,,,,(-1),(-1),,,03:44:50,(-1),
630,"team0851 zafu6 浙江农林大学",1,03:45:00,,,,,,,,,,03:45:00,(-7),
631,"team0209 湘潭大学4队 湘潭大学",1,03:51:20,,,,,,,,03:51:20,,(-4),,
632,"team0366 羲和算尺 东南大学",1,03:53:58,,,,,,,,"02:53:58 (-3)",,(-1),,
633,"team0607 郑州师院1队 郑州师范学院",1,03:54:39,,,,,,,,"03:14:39 (-2)",,,,
634,"team0990 湘岚II 湖南第一师范学院",1,03:54:42,(-1),(-1),(-1),(-1),(-1),,,,(-1),03:54:42,(-2),(-2)
635,"team0460 NEU_Team18 东北大学",1,03:55:17,,,,,,(-2),,"03:15:17 (-2)",,(-1),,
636,"team0735 南昌理工学院3队 南昌理工学院",1,03:56:19,,,,,,,,,,,03:56:19,
637,"team0363 Vitality 东南大学",1,03:57:37,,,,,,,,,,"03:37:37 (-1)",,
638,"team0381 豪情在天 南阳理工学院",1,03:59:23,,,,,,,,,,(-2),03:59:23,
639,"team0190 枫落潮声起 中国传媒大学",1,04:00:54,,,,,,,,"03:20:54 (-2)",,(-1),,
640,"team0250 cuit1 成都信息工程大学",1,04:01:17,,,,(-9),,,,04:01:17,,(-2),,
641,"team0389 丽水学院6 丽水学院",1,04:03:54,,,,,,,,,,04:03:54,(-6),
642,"team0060 Ahu_Has_Underflowed 安徽大学",1,04:04:04,(-7),,,,,,,,,04:04:04,(-3),
643,"team0085 SSL04 东莞市东莞中学松山湖学校",1,04:05:59,,,,,,,,"03:45:59 (-1)",,,,
644,"team0817 nbu9 宁波大学",1,04:06:05,,,,,,,,(-1),,04:06:05,(-5),
645,"team0270 hpu2 河南理工大学",1,04:06:35,,,,,,,,,,04:06:35,(-3),
646,"team0746 Here_for_Balloons 哈尔滨工业大学（威海）",1,04:09:07,,,,,,,,(-3),,,04:09:07,
647,"team0984 保定学院1队 保定学院",1,04:09:26,,,,,,,,,,04:09:26,,
648,"team0479 njupt26t19 南京邮电大学",1,04:15:16,,,,,,,,,,,04:15:16,(-1)
649,"team0203 喝生椰就不会拿铁咯 湖南农业大学",1,04:19:33,,,,,,,,"02:59:33 (-4)",,(-1),(-1),
650,"team0375 今天也要happy哟 南昌大学",1,04:21:29,,,,,,,,(-4),,"03:21:29 (-3)",,
651,"team0238 NUIST_静默猎手 南京信息工程大学",1,04:23:27,,,,,,,,"02:43:27 (-5)",,,,
652,"team0635 新生也疯狂-12 杭州电子科技大学",1,04:23:56,,,,,,,,,,04:23:56,,
653,"team0296 红名很难吗我DXrating7000 成都理工大学",1,04:25:26,,,,,,,,04:25:26,,,,
654,"team0631 新生也疯狂-8 杭州电子科技大学",1,04:27:29,,,,,,,,"03:07:29 (-4)",,,(-7),
655,"team0331 cumt4 中国矿业大学",1,04:29:46,,,,,,(-2),,"03:29:46 (-3)",,,,
656,"team0376 南昌大学7队 南昌大学",1,04:34:37,,,,(-1),,,,"03:14:37 (-4)",,(-3),,
657,"team0050 #define_WA_AC 天津工业大学",1,04:37:00,,,,,,,,(-3),,,04:37:00,
658,"team0726 啊对对队 云南大学",1,04:39:32,,,,,,,,,,04:39:32,,
659,"team0731 帮帮我吧图灵大人 重庆大学",1,04:43:47,,,,,,,,(-2),,"04:23:47 (-1)",(-25),
660,"team0075 中航大3队 中国民航大学",1,04:45:19,,,,,,,,"03:25:19 (-4)",,(-3),(-6),
661,"team0799 三人行，必有一银 皖西学院",1,04:45:53,,,,,,,,,,"03:45:53 (-3)",,
662,"team0346 样例过了就是过了 南京理工大学",1,04:46:41,,,,,,,,"03:26:41 (-4)",,,,
663,"team0210 松弛感 武昌理工学院",1,04:51:46,,,,,,,,(-4),,,04:51:46,
664,"team0813 nbu5 宁波大学",1,04:53:24,,,,,,,,,,(-1),04:53:24,
665,"team0227 南大软院3队 南昌大学",1,04:54:51,,,,(-3),,,,"03:54:51 (-3)",,,(-1),
666,"team0048 算法三剑客 天津工业大学",1,04:56:05,,,,,,,,,,,04:56:05,
667,"team0055 泉阳泉阳泉 东北师范大学",1,04:58:47,,,,,,,,"03:38:47 (-4)",,,,
668,"team0385 H神酱味大鸡 南阳理工学院",1,05:07:16,,,,,,,,"03:27:16 (-5)",,(-2),,
669,"team0500 朱世乐/韩高臻/贺江阳 天津科技大学",1,05:12:09,,,,,,,,"04:52:09 (-1)",,,(-3),
670,"team0141 zfc3队 浙江金融职业学院",1,05:13:45,,,,,,,,,,,"04:33:45 (-2)",
671,"team0886 所有题目全部答队 山东大学",1,05:15:42,,,,,,,,"03:55:42 (-4)",,(-3),,
672,"team0634 新生也疯狂-11 杭州电子科技大学",1,05:19:27,,,,,,,,,,"04:39:27 (-2)",,
673,"team0313 华附8队 华南师范大学附属中学",1,05:22:23,,,,,,,,(-5),,"04:42:23 (-2)",(-3),
674,"team0854 zafu9 浙江农林大学",1,05:52:42,,,,,,,,"04:32:42 (-4)",,,,
675,"team0142 zfc4队 浙江金融职业学院",1,06:06:25,,,,,,,,,,,"03:46:25 (-7)",
676,"team0242 NUIST_腐化 南京信息工程大学",1,06:12:29,,(-1),,,,,,"03:32:29 (-8)",,(-2),(-5),
677,"team0497 claudecode 长江大学",1,06:38:50,,,,,,(-3),,"04:18:50 (-7)",,,,
678,"team0239 NUIST_储君 南京信息工程大学",1,06:41:05,,,,,,(-2),,,,(-4),"04:41:05 (-6)",
679,"team0833 WHL_AC 河南师范大学",1,06:41:19,,,,,,,,"04:21:19 (-7)",,(-1),(-6),
680,"team0015 DJ.皇牌梦之队 广东工业大学",1,06:55:30,,,,,,,,"04:35:30 (-7)",,,,
681,"team0597 提姆塞问 天津大学",1,06:55:34,,,,,,,,,,,"04:55:34 (-6)",
682,"team0383 再wa一发 南阳理工学院",1,07:08:31,,,,,,,,"04:28:31 (-8)",,,(-4),
683,"team0451 NEU_Team09 东北大学",1,08:45:27,,,,,,,,"04:25:27 (-13)",,,(-1),
684,"team0560 FZU5 福州大学",1,09:42:14,,,,,,,"03:42:14 (-18)",,,,,
685,"team0007 广铁一中 广州市铁一中学",0,00:00:00,,,,,,,,,,,,
686,"team0008 peach 广州市第六中学",0,00:00:00,,,,,,,,,,,,
687,"team0014 你愿意和我打一辈子acm吗 广东工业大学",0,00:00:00,,,,,,,,,,,,
688,"team0017 特殊符号 个人训练",0,00:00:00,,,,,,,,,,,,
689,"team0034 三人成行 山东理工大学",0,00:00:00,,,,,,,,,,,,
690,"team0036 说好的来旅游呢 东北师范大学",0,00:00:00,,,,,,,,,,,,
691,"team0038 华东师大二附中一队 华东师范大学第二附属中学",0,00:00:00,,,,,,,,,,,,
692,"team0051 能过样例直接交 衡水学院",0,00:00:00,,,,,,,,,,,,
693,"team0056 gokugogo 个人训练",0,00:00:00,,,,,,,,,,,,
694,"team0059 猛炫罚时中 安徽大学",0,00:00:00,,,,(-5),,,,(-4),,(-2),,
695,"team0070 南苑五队 河南工程学院",0,00:00:00,,,,,,,,(-3),,,,
696,"team0071 南苑六队 河南工程学院",0,00:00:00,,,,,,,,,,,,
697,"team0072 南苑七队 河南工程学院",0,00:00:00,,,(-1),,,,,,,,,
698,"team0077 中航大5队 中国民航大学",0,00:00:00,,,,,,,,,,,,
699,"team0084 SSL03 东莞市东莞中学松山湖学校",0,00:00:00,,,,,,,,(-2),,,(-2),
700,"team0101 正着活，反着魔 北京邮电大学",0,00:00:00,,,,,,,,,,,,
701,"team0102 丽水学院1 丽水学院",0,00:00:00,,,,,,,,(-2),,(-1),,
702,"team0103 丽水学院2 丽水学院",0,00:00:00,,,,,,,,,,,,
703,"team0108 319小分队 东北师范大学",0,00:00:00,,,,,,,,,,,,
704,"team0116 mex{fe/cu/ag} 华东师范大学",0,00:00:00,,,,,,,,,,,,
705,"team0119 闽南师大一队 闽南师范大学",0,00:00:00,,,,,,,,,,,,
706,"team0121 红烧基米饭 新疆大学",0,00:00:00,,,,,,,,,,,,
707,"team0122 山河三牢 新疆大学",0,00:00:00,,,,,,,,(-7),,,,
708,"team0124 时间复杂度 厦门大学马来西亚分校",0,00:00:00,,,,,,,,,,,,
709,"team0126 SZTU_原原 深圳技术大学",0,00:00:00,,,,,,,,,,,,
710,"team0127 SZTU_神神 深圳技术大学",0,00:00:00,,,,,,,,,,,,
711,"team0128 贵州大学 贵州大学",0,00:00:00,,,,,,,,,,,,
712,"team0135 不知道取什么名字好 香港中文大学（深圳）",0,00:00:00,,,,,,,,,,,,
713,"team0138 可燃冰红茶 河北师范大学",0,00:00:00,,,,,,,,,,,,
714,"team0146 南方科技大学4队 南方科技大学",0,00:00:00,,,,,,,,,,,,
715,"team0147 南方科技大学5队 南方科技大学",0,00:00:00,,,,,,,,,,,,
716,"team0148 南方科技大学6队 南方科技大学",0,00:00:00,,,,,,,,,,,,
717,"team0153 ZJNU-5 浙江师范大学",0,00:00:00,,,,(-7),,,,,,,(-3),
718,"team0155 咕咕嘎嘎咕咕嘎嘎 长春理工大学",0,00:00:00,,,,,,,,,,,,
719,"team0163 宁波理工4队 浙大宁波理工学院",0,00:00:00,,,,,,,,,,,,
720,"team0164 宁波理工5队 浙大宁波理工学院",0,00:00:00,,,,,,,,(-1),,,(-1),
721,"team0171 持久，五个小时不带停 个人训练",0,00:00:00,,,,,,,,,,,,
722,"team0173 中国海洋大学一队 中国海洋大学",0,00:00:00,,,,,,,,,,,,
723,"team0175 湖州师大2队 湖州师范大学",0,00:00:00,,,,,,,,,,,,
724,"team0178 雏鹰终将飞向蓝天 重庆工程学院",0,00:00:00,,,,,,,,(-9),,,(-1),
725,"team0186 遵纪守法好公民 中国传媒大学",0,00:00:00,,,,,,,,,,,,
726,"team0192 雾之湖 湖南师范大学",0,00:00:00,,,,,,,,,,,,
727,"team0194 想要成为赛码高手 佛山大学",0,00:00:00,,,,,,,,(-3),,(-7),,
728,"team0214 HITS004 哈尔滨工业大学",0,00:00:00,,,,,,,,,,,,
729,"team0216 猫猫虫小队 大连理工大学",0,00:00:00,,,,,,,,,,,,
730,"team0217 低调的黑客 大连理工大学",0,00:00:00,,,,,,,,,,,,
731,"team0218 八角楼一队 大连理工大学",0,00:00:00,,,,,,,,,,,,
732,"team0219 万业有日涅槃无枝 大连理工大学",0,00:00:00,,,,,,,,,,,,
733,"team0220 育英1队 浙江育英职业技术学院",0,00:00:00,,,,,,,,,,,,
734,"team0221 育英2队 浙江育英职业技术学院",0,00:00:00,,,,,,,,,,,(-3),
735,"team0222 育英3队 浙江育英职业技术学院",0,00:00:00,,,,,,,,,,,,
736,"team0229 Victors 四川大学",0,00:00:00,,,,,,,,,,,,
737,"team0248 我也想AC 南京农业大学",0,00:00:00,,,,,,,,,,,,
738,"team0251 cuit2 成都信息工程大学",0,00:00:00,,,,,,,,,,,,
739,"team0264 我vibe队友coding 东北大学秦皇岛分校",0,00:00:00,,,,,,,,,,,,
740,"team0267 秦汉 西藏民族大学",0,00:00:00,,,,,,,,,,,,
741,"team0268 不好好训练就完damn 南京理工大学",0,00:00:00,,,,,,(-2),,(-4),,,(-1),
742,"team0276 拼好队 中国地质大学（武汉）",0,00:00:00,,,,,,,,,,,,
743,"team0277 ACM自动寄 中国地质大学（武汉）",0,00:00:00,,,,,,,,,,,,
744,"team0281 封榜后我们将疯狂AC 南京邮电大学通达学院",0,00:00:00,,,,,,,,,,,,
745,"team0283 只为签到而来 南京邮电大学通达学院",0,00:00:00,,,,,,,,,,,,
746,"team0284 国防科大一队 国防科技大学",0,00:00:00,,,,,,,,,,,,
747,"team0285 国防科大二队 国防科技大学",0,00:00:00,,,,,,,,,,,,
748,"team0286 国防科大三队 国防科技大学",0,00:00:00,,,,,,,,,,,,
749,"team0287 国防科大四队 国防科技大学",0,00:00:00,,,,,,,,,,,,
750,"team0288 国防科大五队 国防科技大学",0,00:00:00,,,,,,,,,,,,
751,"team0289 国防科大六队 国防科技大学",0,00:00:00,,,,,,,,,,,,
752,"team0294 BHU-T2 北华大学",0,00:00:00,,,,,,,,,,,,
753,"team0297 暴力出奇迹 成都理工大学",0,00:00:00,,,,,,,,,,,,
754,"team0300 这么强强么这 成都理工大学",0,00:00:00,,,,,,,,,,,,
755,"team0301 随缘小分队 成都理工大学",0,00:00:00,,,,,,,,,,,,
756,"team0303 知晓天空之蓝的人 南京财经大学",0,00:00:00,,,,,,,,,,,,
757,"team0304 河工一队 河南工程学院",0,00:00:00,,,,,,(-1),,,,,,
758,"team0306 华附1队 华南师范大学附属中学",0,00:00:00,,,,,,,,,,,,
759,"team0307 华附2队 华南师范大学附属中学",0,00:00:00,,,,,,,,,,,,
760,"team0309 华附4队 华南师范大学附属中学",0,00:00:00,,,,,,,,,,,,
761,"team0311 华附6队 华南师范大学附属中学",0,00:00:00,,,,,,,,,,,,
762,"team0312 华附7队 华南师范大学附属中学",0,00:00:00,,,,,,,,,,,,
763,"team0315 华附10队 华南师范大学附属中学",0,00:00:00,,,,,,,,,,,,
764,"team0316 华附11队 华南师范大学附属中学",0,00:00:00,,,,,,,,,,,,
765,"team0320 华附15队 华南师范大学附属中学",0,00:00:00,,,,,,,,,,,,
766,"team0322 hit2队 哈尔滨工业大学（深圳）",0,00:00:00,,,,,,,,,,,,
767,"team0323 acm1 湖北文理学院",0,00:00:00,,,,,,,,,,,,
768,"team0324 acm2 湖北文理学院",0,00:00:00,(-2),,,,,,,,,,,
769,"team0325 acm3 湖北文理学院",0,00:00:00,,,,,,,,,,,,
770,"team0334 cumt7 中国矿业大学",0,00:00:00,,,,(-2),,,,,,,,
771,"team0335 cumt8 中国矿业大学",0,00:00:00,,,,,,(-1),,,,,,
772,"team0336 cumt9 中国矿业大学",0,00:00:00,,,,,,,,,,(-6),,
773,"team0345 mlp0oka 个人训练",0,00:00:00,,,,,,,,,,,,
774,"team0347 吕院先锋 吕梁学院",0,00:00:00,,,,,,,,,,,,
775,"team0356 HNUTEAM05 湖南大学",0,00:00:00,,,,,,,,,,,,
776,"team0357 HNUTEAM06 湖南大学",0,00:00:00,,,,,,,,,,,,
777,"team0360 HNUTEAM09 湖南大学",0,00:00:00,,,,,,,,,,,,
778,"team0368 Moonlight 东南大学",0,00:00:00,,,,,,,,(-3),,,,
779,"team0370 CDNU-2 成都师范学院",0,00:00:00,,,,,,,,,,,(-2),
780,"team0371 CDNU-3 成都师范学院",0,00:00:00,,,,,,(-4),,,,,,
781,"team0380 化区成蝶 南阳理工学院",0,00:00:00,,,,,,,,(-2),,,(-1),
782,"team0382 好风凭借力 南阳理工学院",0,00:00:00,,,,,,,,(-6),,,,
783,"team0386 花开堪折直须折 南阳理工学院",0,00:00:00,,,,,,,,(-4),,,,
784,"team0387 丽水学院4 丽水学院",0,00:00:00,,,,,,,,,,,,
785,"team0391 HNUCM-Team2 湖南中医药大学",0,00:00:00,,,,,,,,,,,(-1),
786,"team0394 南外11队 慈溪中学",0,00:00:00,,,,,,,,,,,,
787,"team0396 SUSE-UPUP 四川轻化工大学",0,00:00:00,,,,,,,,,,,,
788,"team0403 国立原神大学（奶龙） 山东大学（威海）",0,00:00:00,,,,,,,,,,,,
789,"team0404 CUIT01 成都信息工程大学",0,00:00:00,,,,,,,,,,,(-2),
790,"team0405 CUIT02 成都信息工程大学",0,00:00:00,,,,,,,,(-9),,,,
791,"team0407 CUIT04 成都信息工程大学",0,00:00:00,,,,,,,,,,,,
792,"team0408 CUIT05 成都信息工程大学",0,00:00:00,,,,,,,,(-1),,,,
793,"team0409 CUIT06 成都信息工程大学",0,00:00:00,,,,,,,,,,,,
794,"team0410 CUIT07 成都信息工程大学",0,00:00:00,,,,,,,,,,,,
795,"team0418 HZCU04 浙大城市学院",0,00:00:00,,,,,,,,(-3),,,,
796,"team0422 骐骥驰骋 大连工程学院",0,00:00:00,,,,,,,,,,,,
797,"team0438 zafu4 浙江农林大学",0,00:00:00,,,,,,,,(-3),,(-2),(-3),
798,"team0441 合肥工业大学188 合肥工业大学",0,00:00:00,,,,,,,,,,,,
799,"team0477 njupt26t17 南京邮电大学",0,00:00:00,,,,,,,,,,(-7),,
800,"team0481 njupt26t21 南京邮电大学",0,00:00:00,(-1),,,,,,(-2),,,,(-3),(-10)
801,"team0488 ecnu05 华东师范大学",0,00:00:00,,,,,,,,,,,,
802,"team0495 木叶三忍 北京理工大学",0,00:00:00,,,,,,,,,,,,
803,"team0498 清华附中1队 清华大学附属中学",0,00:00:00,,,,,,,,,,,,
804,"team0503 清华3队 清华大学",0,00:00:00,,,,,,,,,,,,
805,"team0504 清华4队 清华大学",0,00:00:00,,,,,,,,,,,,
806,"team0505 清华5队 清华大学",0,00:00:00,,,,,,,,,,,,
807,"team0506 清华6队 清华大学",0,00:00:00,,,,,,,,,,,,
808,"team0507 清华7队 清华大学",0,00:00:00,,,,,,,,,,,,
809,"team0508 清华8队 清华大学",0,00:00:00,,,,,,,,,,,,
810,"team0509 清华9队 清华大学",0,00:00:00,,,,,,,,,,,,
811,"team0512 北大2队 北京大学",0,00:00:00,,,,,,,,,,,,
812,"team0514 北大4队 北京大学",0,00:00:00,,,,,,,,,,,,
813,"team0515 北大5队 北京大学",0,00:00:00,,,,,,,,,,,,
814,"team0516 北大6队 北京大学",0,00:00:00,,,,,,,,,,,,
815,"team0517 北大7队 北京大学",0,00:00:00,,,,,,,,,,,,
816,"team0518 北大8队 北京大学",0,00:00:00,,,,,,,,,,,,
817,"team0519 北大9队 北京大学",0,00:00:00,,,,,,,,,,,,
818,"team0520 北大10队 北京大学",0,00:00:00,,,,,,,,,,,,
819,"team0521 南浦实验1队 温州市南浦实验中学",0,00:00:00,,,,,,,,,,,,
820,"team0522 南浦实验2队 温州市南浦实验中学",0,00:00:00,,,,,,,,,,,(-6),
821,"team0523 南浦实验3队 温州市南浦实验中学",0,00:00:00,,,,,,,,,,,,
822,"team0524 南浦实验4队 温州市南浦实验中学",0,00:00:00,,,,,,,,,,,,
823,"team0525 南浦实验5队 温州市南浦实验中学",0,00:00:00,,,,,,,,,,,,
824,"team0530 绍一5队 绍兴市第一中学",0,00:00:00,,,,,,,,,,,,
825,"team0531 杭二1队 杭州市第二中学",0,00:00:00,,,,,,,,,,,,
826,"team0532 杭二2队 杭州市第二中学",0,00:00:00,,,,,,,,,,,,
827,"team0533 杭二3队 杭州市第二中学",0,00:00:00,,,,,,,,,,,,
828,"team0534 杭二4队 杭州市第二中学",0,00:00:00,,,,,,,,,,,,
829,"team0535 杭二5队 杭州市第二中学",0,00:00:00,,,,,,,,,,,,
830,"team0536 海亮1队 诸暨市海亮中学",0,00:00:00,,,,,,,,,,,,
831,"team0537 海亮2队 诸暨市海亮中学",0,00:00:00,,,,,,,,,,,,
832,"team0538 海亮3队 诸暨市海亮中学",0,00:00:00,,,,,,,,,,,,
833,"team0539 海亮4队 诸暨市海亮中学",0,00:00:00,,,,,,,,,,,,
834,"team0540 海亮5队 诸暨市海亮中学",0,00:00:00,,,,,,,,,,,,
835,"team0541 海亮6队 诸暨市海亮中学",0,00:00:00,,,,,,,,,,,,
836,"team0542 海亮7队 诸暨市海亮中学",0,00:00:00,,,,,,,,,,,,
837,"team0543 海亮8队 诸暨市海亮中学",0,00:00:00,,,,,,,,,,,,
838,"team0544 海亮9队 诸暨市海亮中学",0,00:00:00,,,,,,,,,,,,
839,"team0545 海亮10队 诸暨市海亮中学",0,00:00:00,,,,,,,,,,,,
840,"team0546 姚中1队 余姚中学",0,00:00:00,,,,,,,,,,,,
841,"team0547 姚中2队 余姚中学",0,00:00:00,,,,,,,,,,,,
842,"team0548 姚中3队 余姚中学",0,00:00:00,,,,,,,,,,,,
843,"team0549 姚中4队 余姚中学",0,00:00:00,,,,,,,,,,,,
844,"team0550 姚中5队 余姚中学",0,00:00:00,,,,,,,,,,,,
845,"team0551 温中1队 温州中学",0,00:00:00,,,,,,,,,,,,
846,"team0552 温中2队 温州中学",0,00:00:00,,,,,,,,,,,,
847,"team0555 温中5队 温州中学",0,00:00:00,,,,,,,,,,,,
848,"team0556 FZU1 福州大学",0,00:00:00,,,,,,,,,,,,
849,"team0557 FZU2 福州大学",0,00:00:00,,,,,,,,,,,,
850,"team0561 FZU6 福州大学",0,00:00:00,,,,,,,,,,,,
851,"team0562 FZU7 福州大学",0,00:00:00,,,,,,,,,,,,
852,"team0563 FZU8 福州大学",0,00:00:00,,,,,,,,,,,,
853,"team0564 FZU9 福州大学",0,00:00:00,,,,,,,,,,,,
854,"team0565 FZU10 福州大学",0,00:00:00,,,,,,,,,,,,
855,"team0566 FZU11 福州大学",0,00:00:00,,,,,,,,,,,,
856,"team0567 FZU12 福州大学",0,00:00:00,,,,,,,,,,,,
857,"team0568 FZU13 福州大学",0,00:00:00,,,,,,,,,,,,
858,"team0569 FZU14 福州大学",0,00:00:00,,,,,,,,,,,,
859,"team0570 FZU15 福州大学",0,00:00:00,,,,,,,,,,,,
860,"team0578 YWZX08 义乌中学",0,00:00:00,,,,,,,,,,,,
861,"team0580 YWZX10 义乌中学",0,00:00:00,,,,,,,,,,,,
862,"team0588 UESTC-8队 电子科技大学",0,00:00:00,,,,,,,,,,,,
863,"team0589 UESTC-9队 电子科技大学",0,00:00:00,,,,,,,,,,,,
864,"team0590 UESTC-10队 电子科技大学",0,00:00:00,,,,,,,,,,,,
865,"team0598 提姆诶特 天津大学",0,00:00:00,,,,,,,,,,,,(-2)
866,"team0599 提姆南 天津大学",0,00:00:00,,,,,,,,,,,,
867,"team0600 提姆特恩 天津大学",0,00:00:00,,,,,,,,,,,,
868,"team0601 天大11队 天津大学",0,00:00:00,,,,,,,,,,,,
869,"team0602 天大12队 天津大学",0,00:00:00,,,,,,,,,,,,
870,"team0603 天大13队 天津大学",0,00:00:00,,,,,,,,,,,,
871,"team0604 天大14队 天津大学",0,00:00:00,,,,,,,,,,,,
872,"team0605 天大15队 天津大学",0,00:00:00,,,,,,,,,,,,
873,"team0608 郑州师院1队 郑州师范学院",0,00:00:00,,,,,,,,,,,,
874,"team0609 学军1队 学军中学",0,00:00:00,,,,,,,,,,,,
875,"team0610 学军2队 学军中学",0,00:00:00,,,,,,,,,,,,
876,"team0611 学军3队 学军中学",0,00:00:00,,,,,,,,,,,,
877,"team0612 学军4队 学军中学",0,00:00:00,,,,,,,,,,,,
878,"team0613 学军5队 学军中学",0,00:00:00,,,,,,,,,,,,
879,"team0614 学军6队 学军中学",0,00:00:00,,,,,,,,,,,,
880,"team0615 学军7队 学军中学",0,00:00:00,,,,,,,,,,,,
881,"team0616 学军8队 学军中学",0,00:00:00,,,,,,,,,,,,
882,"team0617 学军9队 学军中学",0,00:00:00,,,,,,,,,,,,
883,"team0618 学军10队 学军中学",0,00:00:00,,,,,,,,,,,,
884,"team0619 杭州育才1队 杭州育才中学",0,00:00:00,,,,,,,,,,,,
885,"team0620 杭州育才2队 杭州育才中学",0,00:00:00,,,,,,,,,,,,
886,"team0621 杭州育才3队 杭州育才中学",0,00:00:00,,,,,,,,,,,,
887,"team0622 杭州育才4队 杭州育才中学",0,00:00:00,,,,,,,,,,,,
888,"team0624 新生也疯狂-1 杭州电子科技大学",0,00:00:00,,,,,,,,,,,,
889,"team0626 新生也疯狂-3 杭州电子科技大学",0,00:00:00,,,,,,,,,,,,
890,"team0627 新生也疯狂-4 杭州电子科技大学",0,00:00:00,,,,,,,,,,,,
891,"team0628 新生也疯狂-5 杭州电子科技大学",0,00:00:00,,,,,,,,,,,,
892,"team0630 新生也疯狂-7 杭州电子科技大学",0,00:00:00,,,,,,,,,,,,
893,"team0632 新生也疯狂-9 杭州电子科技大学",0,00:00:00,,,,,,,,,,,,
894,"team0633 新生也疯狂-10 杭州电子科技大学",0,00:00:00,,,,,,,,,,,,
895,"team0641 大山1队 大山中学",0,00:00:00,,,,,,,,,,,,
896,"team0642 大山2队 大山中学",0,00:00:00,,,,,,,,,,,,
897,"team0643 大山3队 大山中学",0,00:00:00,,,,,,,,,,,,
898,"team0644 大山4队 大山中学",0,00:00:00,,,,,,,,,,,,
899,"team0645 大山5队 大山中学",0,00:00:00,,,,,,,,,,,(-3),
900,"team0646 大山6队 大山中学",0,00:00:00,,,,,,,,,,,,
901,"team0647 出题人也疯狂 四川大学",0,00:00:00,,,,,,,,,,,,
902,"team0649 sjtu-个人训练 上海交通大学",0,00:00:00,,,,,,,,,,,,
903,"team0650 杭二信U队 杭州市第二中学",0,00:00:00,,,,,,,,,,,,
904,"team0656 NJU-T06 南京大学",0,00:00:00,,,,,,,,,,,,
905,"team0657 NJU-T07 南京大学",0,00:00:00,,,,,,,,,,,,
906,"team0660 NJU-T10 南京大学",0,00:00:00,,,,,,,,,,,,
907,"team0664 NJU-T14 南京大学",0,00:00:00,,,,,,,,,,,,
908,"team0668 SWUN-T2 西南民族大学",0,00:00:00,,,,,,,,,,,,
909,"team0669 SWUN-T3 西南民族大学",0,00:00:00,,,,,,,,,,(-1),,
910,"team0678 这里还有人类吗 浙江科技大学",0,00:00:00,,,,,,,,,,(-11),,
911,"team0681 这得拿不少AC先生 浙江科技大学",0,00:00:00,,,,,,,,(-2),,,,
912,"team0682 地底蔷薇 浙江科技大学",0,00:00:00,,,,,,(-9),,(-3),,(-1),,
913,"team0684 三题就下班 浙江科技大学",0,00:00:00,,,,,,,,,,,(-1),
914,"team0685 浙科十一队 浙江科技大学",0,00:00:00,,,,,,,,,,(-1),(-2),
915,"team0688 njusz03 南京大学苏州校区",0,00:00:00,,,,,,,,,,,,
916,"team0690 njusz05 南京大学苏州校区",0,00:00:00,,,,,,,,,,,,
917,"team0691 njusz06 南京大学苏州校区",0,00:00:00,,,,,,,,,,,,
918,"team0693 AC小姐拜托了 南京理工大学紫金学院",0,00:00:00,,,,,,,,,,,,
919,"team0698 scut5 华南理工大学",0,00:00:00,,,,,,,,,,,,
920,"team0702 雪泥鸿爪 吉林大学",0,00:00:00,,,,,,,,(-1),,,,
921,"team0710 吉林大学有空调了就很…队 吉林大学",0,00:00:00,,,,,,,,,,,(-1),
922,"team0725 我的刀队 云南大学",0,00:00:00,,,,,,,,,,,,
923,"team0727 我现在的要求是男娃来男娃去 云南大学",0,00:00:00,,,,,,,,,,,,
924,"team0730 Lacrimosa 重庆大学",0,00:00:00,,,,,,,,,,,,
925,"team0737 南昌理工学院5队 南昌理工学院",0,00:00:00,,,,,,,,(-1),,,(-1),
926,"team0738 南昌理工学院6队 南昌理工学院",0,00:00:00,,,,,,,,,,,(-1),
927,"team0740 答案正确 中国民航大学",0,00:00:00,,,,,,,,,,,,
928,"team0742 hziee2 杭州电子科技大学信息工程学院",0,00:00:00,,,,,,,,,,,(-4),
929,"team0743 hziee3 杭州电子科技大学信息工程学院",0,00:00:00,,,,,,,,,,,,
930,"team0747 被ICPC暴打 哈尔滨工业大学（威海）",0,00:00:00,,,,,,,,,,,,
931,"team0749 #def_int_ll 哈尔滨工业大学（威海）",0,00:00:00,,,,,,,,(-3),,,,
932,"team0750 期待新华爆炸 中山大学广州新华学院",0,00:00:00,,,,,,,,,,,,
933,"team0782 NFLS-T27 南京外国语学校",0,00:00:00,,,,,,,,,,,,
934,"team0783 NFLS-T28 南京外国语学校",0,00:00:00,,,,,,,,,,,,
935,"team0791 gy114514 广东广雅中学",0,00:00:00,,,,,,,,,,,,
936,"team0795 罗德岛驻基沃托斯冒险家协会 北京航空航天大学",0,00:00:00,,,,,,,,,,,,
937,"team0797 最区队 北京航空航天大学",0,00:00:00,,,,,,,,,,,,
938,"team0800 在此输入队名 南开大学",0,00:00:00,,,,,,,,,,,,
939,"team0807 Selene 个人训练",0,00:00:00,,,,,,,,,,,,
940,"team0822 终帆 华中科技大学",0,00:00:00,,,,,,,,,,,,
941,"team0823 终帆粉丝团 华中科技大学",0,00:00:00,,,,,,,,,,,,
942,"team0825 最正常的队名 华中科技大学",0,00:00:00,,,,,,,,(-4),,,,
943,"team0828 思考40s爆了 华中科技大学",0,00:00:00,,,,,,,,,,,,
944,"team0830 队名超过十个字了 华中科技大学",0,00:00:00,,,,,,,,,,,,
945,"team0836 万里1队 浙江万里学院",0,00:00:00,,,,,,,,,,,,
946,"team0839 广州华商1队 广州华商学院",0,00:00:00,,,,,,,,,,,,
947,"team0840 广州华商2队 广州华商学院",0,00:00:00,,,,,,,,,,,,
948,"team0841 广州华商3队 广州华商学院",0,00:00:00,,,,,,,,,,(-1),,
949,"team0857 七星彩队 浙江工业大学",0,00:00:00,,,,,,,,,,,,
950,"team0859 NJU-T18 南京大学",0,00:00:00,,,,,,,,,,,,
951,"team0861 HZCU08 浙大城市学院",0,00:00:00,,,,,,,,(-4),,,(-4),
952,"team0863 SHU01 上海大学",0,00:00:00,,,,,,,,,,,,
953,"team0865 SHU03 上海大学",0,00:00:00,,,,,,,,,,,,
954,"team0867 SHU05 上海大学",0,00:00:00,,,,,,,,,,(-1),,
955,"team0872 SHU10 上海大学",0,00:00:00,,,,,,,,,,,,
956,"team0873 NUAA01 南京航空航天大学",0,00:00:00,,,,,,,,,,,,
957,"team0874 NUAA02 南京航空航天大学",0,00:00:00,,,,,,,,,,,,
958,"team0875 NUAA03 南京航空航天大学",0,00:00:00,,,,,,,,,,,,
959,"team0876 NUAA04 南京航空航天大学",0,00:00:00,,,,,,,,,,,,
960,"team0877 NUAA05 南京航空航天大学",0,00:00:00,,,,,,,,,,,,
961,"team0880 NUAA08 南京航空航天大学",0,00:00:00,,,,,,,,,,,,
962,"team0884 NUAA12 南京航空航天大学",0,00:00:00,,,,,,,,,,,(-1),
963,"team0885 NUAA13 南京航空航天大学",0,00:00:00,,,,,,,,,,,,
964,"team0891 紫色的向日葵 个人训练",0,00:00:00,,,,,,,,,,,,
965,"team0916 2026杭电16队 杭州电子科技大学",0,00:00:00,,,,,,,,,,,,
966,"team0917 2026杭电17队 杭州电子科技大学",0,00:00:00,,,,,,,,,,,,
967,"team0918 2026杭电18队 杭州电子科技大学",0,00:00:00,,,,,,,,,,,,
968,"team0931 fduteam11 复旦大学",0,00:00:00,,,,,,,,,,,,
969,"team0935 不ac我就叽歪 吉林外国语大学",0,00:00:00,,,,,,,,,,,,
970,"team0936 HKUST(GZ)001 香港科技大学",0,00:00:00,,,,,,,,,,,,
971,"team0949 拾光小队 郑州科技学院",0,00:00:00,,,,,,,,,,,,
972,"team0950 博学笃行明德至善 郑州科技学院",0,00:00:00,,,,,,,,,,,(-1),
973,"team0951 凌云战队 郑州科技学院",0,00:00:00,,,,,,,,,,,,
974,"team0952 洛克王国 郑州科技学院",0,00:00:00,,,,,,,,,,,,
975,"team0953 图灵稳稳地接住你 郑州科技学院",0,00:00:00,,,,,,(-8),,,,,,
976,"team0956 请叫我南哥 个人训练",0,00:00:00,,,,,,,,,,,,
977,"team0962 ZCMU02 浙江中医药大学",0,00:00:00,,,,,,,(-1),,,(-1),,
978,"team0963 ZCMU03 浙江中医药大学",0,00:00:00,,,,,,,,,,,,
979,"team0968 纪中1队 中山市中山纪念中学",0,00:00:00,,,,,,,,,,,,
980,"team0969 纪中2队 中山市中山纪念中学",0,00:00:00,,,,,,,,,,,,
981,"team0970 纪中3队 中山市中山纪念中学",0,00:00:00,,,,,,,,,,,,
982,"team0971 纪中4队 中山市中山纪念中学",0,00:00:00,,,,,,,,,,,,
983,"team0972 纪中5队 中山市中山纪念中学",0,00:00:00,,,,,,,,,,,,
984,"team0973 纪中6队 中山市中山纪念中学",0,00:00:00,,,,,,,,,,,,
985,"team0974 纪中7队 中山市中山纪念中学",0,00:00:00,,,,,,,,,,,,
986,"team0975 纪中8队 中山市中山纪念中学",0,00:00:00,,,,,,,,,,,,
987,"team0976 纪中9队 中山市中山纪念中学",0,00:00:00,,,,,,,,,,,,
988,"team0977 纪中10队 中山市中山纪念中学",0,00:00:00,,,,,,,,,,,,
989,"team0978 纪中11队 中山市中山纪念中学",0,00:00:00,,,,,,,,,,,,
990,"team0979 纪中12队 中山市中山纪念中学",0,00:00:00,,,,,,,,,,,,
991,"team0980 纪中13队 中山市中山纪念中学",0,00:00:00,,,,,,,,,,,,
992,"team0985 模数不撞队 高老师训练营",0,00:00:00,,,,,,,,,,,,
993,"team0986 ycyzxcpc 宜春幼儿师范高等专科学校",0,00:00:00,,,,,,,,,,,,
994,"team0987 100101 个人训练",0,00:00:00,,,,,,,,,,,(-3),
995,"team0991 湘岚III 湖南第一师范学院",0,00:00:00,,,,,,,,,,,,
996,"team0996 山河16队 山河大学",0,00:00:00,,,,,,,,,,,,
997,"team0997 山河17队 山河大学",0,00:00:00,,,,,,,,,,,,
998,"team0998 山河18队 山河大学",0,00:00:00,,,,,,,,,,,,
999,"team0999 山河19队 山河大学",0,00:00:00,,,,,,,,,,,,
1000,"team1000 山河20队 山河大学",0,00:00:00,,,,,,,,,,,,
1001,"team1001 山河21队 山河大学",0,00:00:00,,,,,,,,,,,,
1002,"team1002 山河22队 山河大学",0,00:00:00,,,,,,,,,,,,
1003,"team1003 山河23队 山河大学",0,00:00:00,,,,,,,,,,,,
1004,"team1004 山河24队 山河大学",0,00:00:00,,,,,,,,,,,,
1005,"team1005 山河25队 山河大学",0,00:00:00,,,,,,,,,,,,
1006,"team1006 山河26队 山河大学",0,00:00:00,,,,,,,,,,,,
1007,"team1007 山河27队 山河大学",0,00:00:00,,,,,,,,,,,,
1008,"team1008 山河28队 山河大学",0,00:00:00,,,,,,,,,,,,
1009,"team1009 山河29队 山河大学",0,00:00:00,,,,,,,,,,,,
1010,"team1010 山河30队 山河大学",0,00:00:00,,,,,,,,,,,,
1011,"team1011 山河31队 山河大学",0,00:00:00,,,,,,,,,,,,
1012,"team1012 山河32队 山河大学",0,00:00:00,,,,,,,,,,,,
1013,"team1013 山河33队 山河大学",0,00:00:00,,,,,,,,,,,,
1014,"team1014 山河34队 山河大学",0,00:00:00,,,,,,,,,,,,
1015,"team1015 山河35队 山河大学",0,00:00:00,,,,,,,,,,,,
1016,"team1016 山河36队 山河大学",0,00:00:00,,,,,,,,,,,,
1017,"team1017 山河37队 山河大学",0,00:00:00,,,,,,,,,,,,
1018,"team1018 山河38队 山河大学",0,00:00:00,,,,,,,,,,,,
1019,"team1019 山河39队 山河大学",0,00:00:00,,,,,,,,,,,,
1020,"team1020 山河40队 山河大学",0,00:00:00,,,,,,,,,,,,
1021,"team1021 山河41队 山河大学",0,00:00:00,,,,,,,,,,,,
1022,"team1022 山河42队 山河大学",0,00:00:00,,,,,,,,,,,,
1023,"team1023 山河43队 山河大学",0,00:00:00,,,,,,,,,,,,
1024,"team1024 山河44队 山河大学",0,00:00:00,,,,,,,,,,,,
1025,"team1025 山河45队 山河大学",0,00:00:00,,,,,,,,,,,,
1026,"team1026 山河46队 山河大学",0,00:00:00,,,,,,,,,,,,
1027,"team1027 山河47队 山河大学",0,00:00:00,,,,,,,,,,,,
1028,"team1028 山河48队 山河大学",0,00:00:00,,,,,,,,,,,,
1029,"team1029 山河49队 山河大学",0,00:00:00,,,,,,,,,,,,
1030,"team1030 山河50队 山河大学",0,00:00:00,,,,,,,,,,,,
1031,"team1031 山河51队 山河大学",0,00:00:00,,,,,,,,,,,,
1032,"team1032 山河52队 山河大学",0,00:00:00,,,,,,,,,,,,
1033,"team1033 山河53队 山河大学",0,00:00:00,,,,,,,,,,,,
1034,"team1034 山河54队 山河大学",0,00:00:00,,,,,,,,,,,,
1035,"team1035 山河55队 山河大学",0,00:00:00,,,,,,,,,,,,
1036,"team1036 山河56队 山河大学",0,00:00:00,,,,,,,,,,,,
1037,"team1037 山河57队 山河大学",0,00:00:00,,,,,,,,,,,,
1038,"team1038 山河58队 山河大学",0,00:00:00,,,,,,,,,,,,
1039,"team1039 山河59队 山河大学",0,00:00:00,,,,,,,,,,,,
1040,"team1040 山河60队 山河大学",0,00:00:00,,,,,,,,,,,,
1041,"team1041 山河61队 山河大学",0,00:00:00,,,,,,,,,,,,
1042,"team1042 山河62队 山河大学",0,00:00:00,,,,,,,,,,,,
1043,"team1043 山河63队 山河大学",0,00:00:00,,,,,,,,,,,,
1044,"team1044 山河64队 山河大学",0,00:00:00,,,,,,,,,,,,
1045,"team1045 山河65队 山河大学",0,00:00:00,,,,,,,,,,,,
1046,"team1046 山河66队 山河大学",0,00:00:00,,,,,,,,,,,,
1047,"team1047 山河67队 山河大学",0,00:00:00,,,,,,,,,,,,
1048,"team1048 山河68队 山河大学",0,00:00:00,,,,,,,,,,,,
1049,"team1049 山河69队 山河大学",0,00:00:00,,,,,,,,,,,,
1050,"team1050 山河70队 山河大学",0,00:00:00,,,,,,,,,,,,
1051,"team1051 山河71队 山河大学",0,00:00:00,,,,,,,,,,,,
1052,"team1052 山河72队 山河大学",0,00:00:00,,,,,,,,,,,,
1053,"team1053 山河73队 山河大学",0,00:00:00,,,,,,,,,,,,
1054,"team1054 山河74队 山河大学",0,00:00:00,,,,,,,,,,,,
1055,"team1055 山河75队 山河大学",0,00:00:00,,,,,,,,,,,,
1056,"team1056 山河76队 山河大学",0,00:00:00,,,,,,,,,,,,
1057,"team1057 山河77队 山河大学",0,00:00:00,,,,,,,,,,,,
1058,"team1058 山河78队 山河大学",0,00:00:00,,,,,,,,,,,,
1059,"team1059 山河79队 山河大学",0,00:00:00,,,,,,,,,,,,
1060,"team1060 山河80队 山河大学",0,00:00:00,,,,,,,,,,,,
1061,"team1061 山河81队 山河大学",0,00:00:00,,,,,,,,,,,,
1062,"team1062 山河82队 山河大学",0,00:00:00,,,,,,,,,,,,
1063,"team1063 山河83队 山河大学",0,00:00:00,,,,,,,,,,,,
1064,"team1064 山河84队 山河大学",0,00:00:00,,,,,,,,,,,,
1065,"team1065 山河85队 山河大学",0,00:00:00,,,,,,,,,,,,
1066,"team1066 山河86队 山河大学",0,00:00:00,,,,,,,,,,,,
1067,"team1067 山河87队 山河大学",0,00:00:00,,,,,,,,,,,,
1068,"team1068 山河88队 山河大学",0,00:00:00,,,,,,,,,,,,
1069,"team1069 山河89队 山河大学",0,00:00:00,,,,,,,,,,,,
1070,"team1070 山河90队 山河大学",0,00:00:00,,,,,,,,,,,,
1071,"team1071 山河91队 山河大学",0,00:00:00,,,,,,,,,,,,
1072,"team1072 山河92队 山河大学",0,00:00:00,,,,,,,,,,,,
1073,"team1073 山河93队 山河大学",0,00:00:00,,,,,,,,,,,,
1074,"team1074 山河94队 山河大学",0,00:00:00,,,,,,,,,,,,
1075,"team1075 山河95队 山河大学",0,00:00:00,,,,,,,,,,,,
1076,"team1076 山河96队 山河大学",0,00:00:00,,,,,,,,,,,,
1077,"team1077 山河97队 山河大学",0,00:00:00,,,,,,,,,,,,
1078,"team1078 山河98队 山河大学",0,00:00:00,,,,,,,,,,,,
1079,"team1079 山河99队 山河大学",0,00:00:00,,,,,,,,,,,,
1080,"team1080 山河100队 山河大学",0,00:00:00,,,,,,,,,,,,
